date,google_banh_sinh_nhat,google_banh_mi,google_tiem_banh,social_engagement_score,facebook_reach_index,instagram_hashtag_volume,tiktok_video_count,youtube_view_trend,ecommerce_search_volume,online_bakery_competition,delivery_trend_score,overall_digital_interest,trend_momentum,seasonal_digital_boost,month,adjusted_digital_interest
2023-01-01,76,41,74,89,92,403,215,31674,4181,66,96,896.6,1.1304027332507474,1.2,1,1075.92
2023-01-02,29,64,28,40,50,862,262,32388,1673,88,75,376.2,0.8273994848145753,1.2,1,451.44
2023-01-03,62,87,25,93,55,374,320,24667,929,65,64,247.0,1.170658587599268,1.2,1,296.4
2023-01-04,64,72,54,74,91,218,410,38403,3545,71,87,768.4,0.982621138763332,1.2,1,922.0799999999999
2023-01-05,49,42,55,82,78,216,261,49633,2522,31,63,551.6,0.8866008481616503,1.2,1,661.92
2023-01-06,93,31,24,99,58,739,374,28111,3031,71,61,663.0,0.980464717529532,1.2,1,795.6
2023-01-07,95,34,50,89,57,987,275,16403,3679,39,84,796.2,1.0970076364831143,1.2,1,955.44
2023-01-08,69,83,32,89,94,514,351,23655,2093,32,95,485.8,0.842099210874848,1.2,1,582.96
2023-01-09,85,68,63,88,60,757,151,13210,2132,21,86,491.8,1.0549167210907548,1.2,1,590.16
2023-01-10,23,84,32,72,59,269,470,20918,2810,43,69,611.6,1.085010269009432,1.2,1,733.92
2023-01-11,26,49,76,68,83,894,449,36102,2049,34,67,451.8,1.1330546076984351,1.2,1,542.16
2023-01-12,95,72,45,52,56,933,244,33510,2187,50,69,495.0,0.8011778568942428,1.2,1,594.0
2023-01-13,82,65,32,63,82,785,316,8220,1127,64,98,287.0,0.9766613322497173,1.2,1,344.4
2023-01-14,78,59,53,47,50,929,401,26168,3517,36,96,759.4,1.1075596240103418,1.2,1,911.28
2023-01-15,77,43,56,83,82,426,74,9054,931,61,72,241.2,1.1809178153626458,1.2,1,289.44
2023-01-16,44,73,75,57,88,419,422,48054,916,57,78,233.6,1.0858335844620517,1.2,1,280.32
2023-01-17,59,80,59,45,74,467,450,26944,3362,65,95,728.2,1.1418542331706776,1.2,1,873.84
2023-01-18,51,44,24,84,68,469,151,23693,2251,40,82,502.4,0.8162795035252866,1.2,1,602.88
2023-01-19,43,44,59,93,77,647,101,23527,2524,42,71,555.0,1.1260874346976357,1.2,1,666.0
2023-01-20,50,65,40,46,90,919,239,20420,4663,97,82,981.2,1.101764418239732,1.2,1,1177.44
2023-01-21,97,55,45,56,96,191,494,22515,4966,69,75,1049.8,0.8650498637867768,1.2,1,1259.76
2023-01-22,89,62,15,55,55,994,11,22181,2715,94,72,598.6,1.1104135696755135,1.2,1,718.32
2023-01-23,35,68,25,51,81,609,349,32034,4302,84,94,910.0,0.8875673383429581,1.2,1,1092.0
2023-01-24,81,36,29,78,75,707,325,3008,3510,99,79,756.8,0.9002735147952591,1.2,1,908.16
2023-01-25,97,83,35,98,87,176,41,16343,3402,67,89,753.8,1.1416713145643107,1.2,1,904.56
2023-01-26,57,80,71,59,63,776,46,31081,2255,44,80,506.2,0.9023596381969077,1.2,1,607.4399999999999
2023-01-27,41,39,22,88,58,638,280,33486,2209,43,97,494.8,1.166495054480934,1.2,1,593.76
2023-01-28,31,42,71,42,67,720,360,34486,4991,51,92,1039.6,0.8767591382557678,1.2,1,1247.5199999999998
2023-01-29,47,49,77,49,85,828,290,27465,4150,88,96,878.2,0.811342443998462,1.2,1,1053.84
2023-01-30,71,38,17,49,67,660,142,11356,3091,69,94,668.6,0.8046001091499106,1.2,1,802.32
2023-01-31,92,34,16,91,77,797,46,26493,4485,49,91,958.6,1.024399386956909,1.2,1,1150.32
2023-02-01,45,30,30,42,69,907,383,30689,833,77,99,209.8,0.9055426804121421,1.4,2,293.71999999999997
2023-02-02,54,65,32,96,88,534,74,24682,1178,34,77,294.0,1.1158922369214548,1.4,2,411.59999999999997
2023-02-03,69,86,71,41,51,657,405,40843,2967,66,88,650.2,0.8692935871891064,1.4,2,910.28
2023-02-04,80,44,66,97,68,763,389,11063,527,57,98,169.2,0.9289391850544213,1.4,2,236.87999999999997
2023-02-05,52,79,79,46,87,882,162,46477,1564,41,81,364.4,1.0592204264518799,1.4,2,510.1599999999999
2023-02-06,58,85,31,76,66,279,39,15037,4628,94,84,986.2,1.0437161854420016,1.4,2,1380.68
2023-02-07,56,53,45,46,73,570,321,11079,4057,77,79,858.2,1.1603836212096055,1.4,2,1201.48
2023-02-08,34,84,58,93,88,971,285,14966,4163,85,77,890.2,1.1614290147266872,1.4,2,1246.28
2023-02-09,94,31,38,58,83,521,405,17888,3434,96,92,741.8,0.8885381212360327,1.4,2,1038.52
2023-02-10,81,44,53,50,66,548,368,31819,807,35,94,215.2,0.8670307947589826,1.4,2,301.28
2023-02-11,47,42,37,87,87,344,79,22851,3961,93,89,845.2,1.1244513380158447,1.4,2,1183.28
2023-02-12,46,52,33,85,83,218,92,32898,1783,30,64,406.0,1.0159988787907088,1.4,2,568.4
2023-02-13,43,31,40,81,89,845,203,29603,827,42,91,214.6,1.0949984548844274,1.4,2,300.44
2023-02-14,29,71,16,83,52,730,217,44780,4990,71,75,1049.6,0.9271985909194087,1.4,2,1469.4399999999998
2023-02-15,62,30,55,75,60,607,94,35272,3489,31,98,750.8,1.1151606264844953,1.4,2,1051.12
2023-02-16,26,78,77,40,84,214,143,24767,4973,48,83,1040.0,0.8712593230727237,1.4,2,1456.0
2023-02-17,26,75,35,44,79,577,17,46108,4378,68,95,923.6,1.0711586418931776,1.4,2,1293.04
2023-02-18,67,75,72,85,83,941,16,27262,2920,86,88,647.0,1.0478948879218564,1.4,2,905.8
2023-02-19,65,71,37,46,56,347,311,22892,2271,96,69,504.4,0.9165004995320619,1.4,2,706.16
2023-02-20,84,78,71,84,60,336,397,27465,916,80,97,251.8,1.1631660757918616,1.4,2,352.52
2023-02-21,62,59,79,65,58,212,157,14431,763,65,81,206.0,1.085936921742035,1.4,2,288.4
2023-02-22,47,61,78,48,74,106,166,38777,1645,89,76,375.4,0.8311680704116327,1.4,2,525.56
2023-02-23,61,84,43,54,55,521,247,39867,592,38,69,172.0,0.9085023839885471,1.4,2,240.79999999999998
2023-02-24,76,43,15,94,77,229,336,46073,1634,88,75,384.4,0.9723987303731706,1.4,2,538.16
2023-02-25,65,76,73,85,87,940,157,44350,1200,23,65,298.2,1.1864207810821918,1.4,2,417.47999999999996
2023-02-26,70,34,71,88,65,486,103,22547,3760,65,76,805.6,0.9465403960006029,1.4,2,1127.84
2023-02-27,21,56,77,77,68,890,360,49530,2093,89,82,465.8,1.129355820256639,1.4,2,652.12
2023-02-28,82,78,43,93,82,759,130,45247,1148,66,78,295.8,1.1159910713584342,1.4,2,414.12
2023-03-01,95,37,78,64,79,606,308,32383,505,60,89,158.0,0.8200434882444573,1.1,3,173.8
2023-03-02,66,84,63,54,75,740,417,1061,4164,85,93,892.2,1.119819411441715,1.1,3,981.4200000000001
2023-03-03,92,43,19,44,64,926,371,15317,1579,94,77,367.0,0.9886553313753961,1.1,3,403.70000000000005
2023-03-04,23,44,79,65,71,139,224,8693,1384,87,62,315.6,1.1899013786794548,1.1,3,347.16
2023-03-05,89,80,46,41,82,360,372,41306,2220,29,93,504.6,1.016805004462992,1.1,3,555.0600000000001
2023-03-06,47,62,54,98,74,696,457,41028,4560,55,66,966.6,1.1012413893132047,1.1,3,1063.2600000000002
2023-03-07,51,71,56,69,70,570,202,44545,4654,76,83,985.6,0.8630797728194071,1.1,3,1084.16
2023-03-08,51,55,43,91,59,537,463,21493,897,48,68,232.4,0.9912139324143049,1.1,3,255.64000000000001
2023-03-09,58,65,41,50,97,158,331,19097,3014,73,68,651.0,1.0677807920269575,1.1,3,716.1
2023-03-10,39,33,49,75,93,496,89,20572,4244,72,64,891.0,1.0245689044758715,1.1,3,980.1
2023-03-11,53,56,21,74,63,256,124,32167,608,88,89,176.0,0.8312971228723547,1.1,3,193.60000000000002
2023-03-12,39,52,29,62,56,653,240,11080,4191,89,70,882.8,1.1274200989181886,1.1,3,971.08
2023-03-13,69,76,43,69,58,201,333,33547,2114,28,73,480.2,0.9403896997382336,1.1,3,528.22
2023-03-14,55,37,53,64,81,343,458,27159,2093,42,93,468.4,1.1690256225836195,1.1,3,515.24
2023-03-15,76,35,74,53,96,894,187,6536,699,73,69,186.4,1.0560437120321695,1.1,3,205.04000000000002
2023-03-16,74,61,50,95,82,724,441,22866,3005,69,62,659.4,1.0783443745862882,1.1,3,725.34
2023-03-17,87,37,39,44,96,994,304,1274,1656,58,84,381.6,1.12850813760054,1.1,3,419.76000000000005
2023-03-18,37,59,57,58,50,295,120,18809,2024,83,90,453.6,1.1948084367610061,1.1,3,498.9600000000001
2023-03-19,26,36,48,51,55,411,357,27054,3029,39,74,643.2,1.0104274841899064,1.1,3,707.5200000000001
2023-03-20,57,55,15,52,79,301,55,37127,3195,79,82,688.2,0.8240411873051707,1.1,3,757.0200000000001
2023-03-21,32,45,15,88,61,581,88,45584,1217,51,84,293.2,1.1254224163248583,1.1,3,322.52000000000004
2023-03-22,54,33,41,53,58,430,32,47876,1748,31,76,392.8,0.9557687429999824,1.1,3,432.08000000000004
2023-03-23,39,40,56,60,73,102,69,26280,3315,52,94,709.6,1.0175776687976734,1.1,3,780.5600000000001
2023-03-24,59,72,61,72,50,716,135,18750,1449,87,80,346.4,0.8863929573738905,1.1,3,381.04
2023-03-25,26,49,47,99,70,347,433,35796,3067,40,72,662.6,1.0677845256862257,1.1,3,728.8600000000001
2023-03-26,72,78,60,70,52,768,188,17721,2608,59,72,580.0,1.1473556658865738,1.1,3,638.0
2023-03-27,50,63,57,46,85,842,145,38159,3903,71,70,826.4,1.1585507778064528,1.1,3,909.0400000000001
2023-03-28,51,43,69,55,63,112,482,44216,3511,50,82,748.4,0.8847550171960193,1.1,3,823.24
2023-03-29,41,34,29,79,59,262,325,21656,2493,71,86,546.6,0.9774651351627437,1.1,3,601.2600000000001
2023-03-30,37,38,32,52,57,667,238,46182,2828,32,99,610.8,1.082108341149465,1.1,3,671.88
2023-03-31,75,82,68,83,60,339,310,42288,1919,82,85,448.8,0.8426991635696168,1.1,3,493.68000000000006
2023-04-01,39,77,19,87,97,640,66,30904,1950,86,99,450.4,0.8044432393009038,1.0,4,450.4
2023-04-02,84,44,35,72,71,297,160,19099,2850,31,68,623.6,0.978000575353241,1.0,4,623.6
2023-04-03,71,84,19,53,85,236,58,35978,4890,24,71,1033.8,1.0520386243298685,1.0,4,1033.8
2023-04-04,59,53,15,40,85,876,304,22268,4061,89,86,859.8,0.8149114046518552,1.0,4,859.8
2023-04-05,36,87,34,86,84,210,458,30909,2958,87,60,645.4,1.171965432595141,1.0,4,645.4
2023-04-06,61,86,58,90,60,726,362,43990,3822,89,68,825.4,0.8447010238527342,1.0,4,825.4
2023-04-07,29,83,61,86,96,717,101,7062,4440,62,92,946.0,0.9841984584374963,1.0,4,946.0
2023-04-08,82,58,29,87,75,382,347,45455,4332,92,60,923.8,1.1045589856668747,1.0,4,923.8
2023-04-09,21,30,71,93,74,954,37,38209,1353,26,87,316.8,1.026127278066828,1.0,4,316.8
2023-04-10,50,46,69,60,88,500,11,41209,945,59,79,236.0,0.9431547682328842,1.0,4,236.0
2023-04-11,31,87,45,51,74,987,12,1628,921,83,86,235.2,1.0525669561755178,1.0,4,235.2
2023-04-12,96,53,22,74,61,168,11,21822,2264,85,82,513.8,0.9950126069719225,1.0,4,513.8
2023-04-13,24,57,28,64,73,448,104,16367,569,30,91,161.0,0.869959166741067,1.0,4,161.0
2023-04-14,61,66,67,86,68,767,434,1501,2944,65,66,644.6,1.1830538354457225,1.0,4,644.6
2023-04-15,42,61,71,94,55,404,478,11319,902,86,70,233.8,0.9760322891720105,1.0,4,233.8
2023-04-16,97,55,49,81,90,421,453,27355,1723,50,73,405.8,1.1906974411650566,1.0,4,405.8
2023-04-17,90,66,39,60,54,370,256,44203,3549,46,99,772.8,0.9626753821500988,1.0,4,772.8
2023-04-18,87,68,64,86,68,739,273,24755,3003,63,90,666.8,0.924972612078426,1.0,4,666.8
2023-04-19,69,46,78,93,68,552,172,46629,2129,61,96,486.6,1.03036307634893,1.0,4,486.6
2023-04-20,91,34,53,97,70,580,259,9828,2695,44,61,595.6,0.8836692945247088,1.0,4,595.6
2023-04-21,30,80,74,42,51,791,220,29408,4129,72,90,874.2,0.8548406578204457,1.0,4,874.2
2023-04-22,57,80,38,87,64,718,413,3576,2895,92,65,636.8,0.9088771000998018,1.0,4,636.8
2023-04-23,48,56,23,41,67,433,166,26849,1719,83,71,387.0,1.017447870433145,1.0,4,387.0
2023-04-24,31,69,26,49,78,969,12,45007,1570,58,70,357.8,0.9315181638169426,1.0,4,357.8
2023-04-25,52,64,26,81,77,184,167,8513,4643,99,85,985.0,0.8882283032231233,1.0,4,985.0
2023-04-26,35,48,29,77,82,734,431,8020,3121,74,89,674.0,0.8530453218143159,1.0,4,674.0
2023-04-27,53,55,58,45,70,926,294,32429,4044,86,75,854.4,1.0578803535417716,1.0,4,854.4
2023-04-28,63,73,18,93,76,699,39,43226,1605,74,83,383.4,0.9622198464660066,1.0,4,383.4
2023-04-29,49,89,56,46,71,139,200,11048,3464,78,71,743.8,1.1277888983526427,1.0,4,743.8
2023-04-30,95,38,49,84,58,458,406,4264,3756,92,60,806.6,1.0082550668544845,1.0,4,806.6
2023-05-01,80,88,69,78,59,605,178,19011,3171,23,61,695.6,1.0264650679726293,1.0,5,695.6
2023-05-02,79,62,77,90,79,745,159,43479,4381,41,88,940.0,1.0823292579442125,1.0,5,940.0
2023-05-03,80,40,35,46,92,627,90,24532,1616,89,71,370.6,1.1864205645275656,1.0,5,370.6
2023-05-04,84,85,53,72,79,664,264,25505,3208,32,61,702.0,0.906941613159473,1.0,5,702.0
2023-05-05,55,73,41,45,70,751,387,36047,1741,32,79,398.6,1.1904975877545954,1.0,5,398.6
2023-05-06,59,52,36,61,51,110,68,20392,2254,39,75,500.2,1.1636897561607418,1.0,5,500.2
2023-05-07,45,88,26,87,73,785,28,26940,2425,61,90,547.0,1.0645354594853966,1.0,5,547.0
2023-05-08,88,83,17,44,85,168,405,37392,1540,25,65,364.0,0.9913564963181415,1.0,5,364.0
2023-05-09,87,78,35,47,62,157,281,4261,2958,44,79,649.8,1.0088192613073834,1.0,5,649.8
2023-05-10,52,55,34,94,77,155,359,33246,626,40,66,178.6,1.198160472552765,1.0,5,178.6
2023-05-11,67,71,53,91,94,217,354,38611,2671,37,81,596.2,0.854332136873927,1.0,5,596.2
2023-05-12,92,37,60,94,81,324,85,9101,3465,44,84,754.4,1.0460801704260734,1.0,5,754.4
2023-05-13,21,32,22,79,92,846,328,47665,1501,80,93,345.2,1.1044930035799057,1.0,5,345.2
2023-05-14,97,69,27,90,55,433,281,10788,4419,20,99,954.8,0.8256520411900397,1.0,5,954.8
2023-05-15,25,34,63,41,57,502,137,24751,1753,78,83,387.2,1.1002556063293258,1.0,5,387.2
2023-05-16,40,59,50,85,56,958,309,36030,1879,91,62,425.0,1.0489275917057663,1.0,5,425.0
2023-05-17,62,69,72,92,57,831,228,47446,2848,42,81,630.4,0.8513296288661616,1.0,5,630.4
2023-05-18,85,71,20,68,78,847,409,27614,841,55,71,227.2,0.9858648644897277,1.0,5,227.2
2023-05-19,20,50,26,46,59,413,303,13381,4222,45,94,886.4,0.8212487605911978,1.0,5,886.4
2023-05-20,22,55,76,77,52,649,250,9352,3138,29,62,670.8,1.140795216186261,1.0,5,670.8
2023-05-21,64,83,19,98,87,984,341,15060,4235,92,66,909.2,1.1050666243104414,1.0,5,909.2
2023-05-22,63,66,36,49,54,365,64,20008,3350,24,95,724.6,1.1434387307693423,1.0,5,724.6
2023-05-23,97,39,48,53,74,432,199,13447,801,90,78,213.6,1.1744576616357116,1.0,5,213.6
2023-05-24,23,66,27,90,91,510,233,47723,2764,29,71,602.8,1.0556249902903756,1.0,5,602.8
2023-05-25,63,64,16,91,83,716,491,29567,3315,93,85,723.6,0.9908041069749387,1.0,5,723.6
2023-05-26,46,58,73,77,60,828,408,48660,4857,83,90,1025.6,0.9882948325688349,1.0,5,1025.6
2023-05-27,31,33,31,44,90,104,244,5540,2986,55,74,633.6,1.0595911129805031,1.0,5,633.6
2023-05-28,25,78,36,63,62,921,429,49215,2055,84,70,458.2,1.1407680645458518,1.0,5,458.2
2023-05-29,38,67,43,61,65,128,142,43835,2920,51,93,635.8,0.9620382281574799,1.0,5,635.8
2023-05-30,30,85,71,89,93,367,312,44136,1881,48,79,432.8,1.0095050330637114,1.0,5,432.8
2023-05-31,24,83,55,79,73,410,409,37053,4961,68,98,1049.0,0.881518358864537,1.0,5,1049.0
2023-06-01,66,66,66,51,83,494,374,10621,2473,89,65,544.2,1.1233847230046374,0.9,6,489.78000000000003
2023-06-02,73,75,39,71,74,262,28,21362,2638,38,75,586.4,1.0930265779930057,0.9,6,527.76
2023-06-03,45,40,40,86,52,697,317,21548,3394,91,70,727.0,0.8325267781859138,0.9,6,654.3000000000001
2023-06-04,79,59,42,99,86,791,38,31991,4989,31,93,1063.8,1.0111522794579686,0.9,6,957.42
2023-06-05,54,66,31,95,57,248,446,49371,3196,42,71,696.4,0.9871401160622417,0.9,6,626.76
2023-06-06,20,68,79,54,96,466,309,32626,3932,66,66,828.0,1.044087012053024,0.9,6,745.2
2023-06-07,45,77,51,89,87,289,51,13371,3830,38,83,824.8,1.0205863046536126,0.9,6,742.3199999999999
2023-06-08,84,40,16,67,62,761,135,35623,2452,35,61,540.8,0.8013794490812283,0.9,6,486.71999999999997
2023-06-09,71,82,67,67,63,931,241,21241,758,63,71,209.8,1.1663519306493322,0.9,6,188.82000000000002
2023-06-10,77,81,69,66,88,421,389,10666,3857,37,68,829.8,1.1071419306314036,0.9,6,746.8199999999999
2023-06-11,28,82,37,59,72,666,315,24713,4607,47,98,974.8,0.8916001478236576,0.9,6,877.3199999999999
2023-06-12,31,51,76,40,76,547,50,47106,4907,67,70,1019.8,1.0565052987753525,0.9,6,917.8199999999999
2023-06-13,43,37,24,99,64,184,486,3886,4094,29,97,874.0,0.8711349433079784,0.9,6,786.6
2023-06-14,89,52,62,85,85,296,399,2054,3393,89,76,739.0,1.113390630077802,0.9,6,665.1
2023-06-15,29,38,28,42,64,753,221,2114,539,55,61,141.8,0.9793476052212313,0.9,6,127.62000000000002
2023-06-16,89,41,22,43,64,450,241,49919,1195,68,80,289.6,1.1865157080185678,0.9,6,260.64000000000004
2023-06-17,70,80,70,52,78,852,146,22705,4608,23,69,975.8,1.1599492154479378,0.9,6,878.22
2023-06-18,54,32,45,45,78,366,253,25051,1925,78,84,428.0,1.1680434780776696,0.9,6,385.2
2023-06-19,46,87,47,95,57,163,231,21308,2620,54,65,582.6,0.822868040144298,0.9,6,524.34
2023-06-20,85,66,65,76,96,936,190,11061,4743,23,60,1006.0,0.8957286518403459,0.9,6,905.4
2023-06-21,56,70,62,78,97,993,16,44850,2168,87,94,493.2,0.8951301307521419,0.9,6,443.88
2023-06-22,22,85,58,79,99,198,278,19684,4089,81,61,867.2,1.0101992149830779,0.9,6,780.48
2023-06-23,82,66,20,63,50,193,398,42391,902,86,62,235.0,1.1241348192149634,0.9,6,211.5
2023-06-24,98,58,25,73,61,205,221,44233,1777,72,85,418.2,0.9626377462877191,0.9,6,376.38
2023-06-25,24,55,47,87,69,571,469,6153,930,24,69,233.0,1.0252702512694385,0.9,6,209.70000000000002
2023-06-26,25,80,37,50,76,949,59,31904,4630,49,69,970.8,0.9833418567065456,0.9,6,873.72
2023-06-27,26,44,20,93,82,629,264,38630,4764,59,88,1003.0,0.8345855720663595,0.9,6,902.7
2023-06-28,65,86,76,85,54,554,389,5284,2709,47,69,602.8,1.1511490604057784,0.9,6,542.52
2023-06-29,55,74,79,84,87,977,265,31745,4906,96,88,1041.4,0.8553153499803101,0.9,6,937.2600000000001
2023-06-30,51,63,55,51,91,132,480,12959,2450,66,66,536.2,1.169494348712975,0.9,6,482.58000000000004
2023-07-01,87,40,66,42,69,343,239,18273,3161,53,68,679.6,0.8460375554994758,0.9,7,611.64
2023-07-02,80,40,19,99,69,274,216,14743,3574,37,60,770.6,1.0398792364263707,0.9,7,693.5400000000001
2023-07-03,51,63,45,66,95,451,271,9829,3915,39,94,837.8,1.148610850262205,0.9,7,754.02
2023-07-04,75,66,42,62,86,247,396,30349,2332,46,85,524.0,1.092970961177814,0.9,7,471.6
2023-07-05,23,62,75,96,63,571,459,30792,691,65,74,189.2,1.1293430795744652,0.9,7,170.28
2023-07-06,37,89,58,99,91,858,185,28720,4022,68,98,869.0,1.0769851305618519,0.9,7,782.1
2023-07-07,34,72,69,96,84,496,340,8048,2662,89,75,587.8,1.0924019699119514,0.9,7,529.02
2023-07-08,64,58,45,90,65,745,51,26359,3374,78,64,730.0,1.1678027203596828,0.9,7,657.0
2023-07-09,49,69,16,41,82,349,71,18135,3455,61,61,735.0,1.1246063973276237,0.9,7,661.5
2023-07-10,73,30,18,47,63,944,277,35913,3398,43,71,723.8,0.8541163466040261,0.9,7,651.42
2023-07-11,35,33,37,59,68,978,312,33611,3797,31,97,804.2,0.8162051847555367,0.9,7,723.7800000000001
2023-07-12,38,59,56,51,57,838,363,8140,1999,64,99,449.2,1.018288548421784,0.9,7,404.28
2023-07-13,68,38,41,71,83,906,483,31446,3931,75,94,840.4,1.0346753819725958,0.9,7,756.36
2023-07-14,54,31,32,97,77,325,268,13887,1619,89,90,378.2,1.0741210798172998,0.9,7,340.38
2023-07-15,77,38,18,93,90,733,339,1439,3756,28,84,809.6,1.0092669907177845,0.9,7,728.64
2023-07-16,33,74,15,52,98,243,319,19558,4508,20,68,947.0,1.1158843226274813,0.9,7,852.3000000000001
2023-07-17,52,72,44,79,60,164,210,18596,4109,78,92,880.8,1.080250345266057,0.9,7,792.72
2023-07-18,91,30,55,69,80,394,291,3801,3018,86,97,661.0,1.0406086657978293,0.9,7,594.9
2023-07-19,63,37,61,70,81,102,409,38592,4662,98,91,984.6,0.8543750491930203,0.9,7,886.14
2023-07-20,74,38,57,45,58,385,400,3836,1953,67,98,441.6,0.9587156560383555,0.9,7,397.44000000000005
2023-07-21,45,79,49,94,57,910,361,49841,2294,21,82,518.8,0.963210615004144,0.9,7,466.91999999999996
2023-07-22,89,75,77,74,98,524,353,32704,3842,20,90,834.0,0.964008400770346,0.9,7,750.6
2023-07-23,38,52,52,92,82,765,171,23852,3937,84,86,841.0,0.983653369996917,0.9,7,756.9
2023-07-24,49,48,25,66,76,274,33,40294,4963,95,73,1039.8,0.8460189423956672,0.9,7,935.8199999999999
2023-07-25,44,76,43,76,82,640,117,10114,3398,35,60,730.8,0.8210963982464616,0.9,7,657.72
2023-07-26,99,71,24,64,73,578,221,2287,4654,77,76,992.8,1.1193805230454328,0.9,7,893.52
2023-07-27,37,82,62,42,66,979,308,41151,2533,84,65,551.8,1.109837108224026,0.9,7,496.61999999999995
2023-07-28,67,81,40,72,86,293,250,47384,4295,24,78,918.6,0.8389375423528863,0.9,7,826.74
2023-07-29,37,58,42,89,95,582,469,44715,1759,84,77,404.0,1.0859863753023928,0.9,7,363.6
2023-07-30,68,77,50,78,71,506,194,10472,2931,67,69,644.6,1.15277042898075,0.9,7,580.14
2023-07-31,72,33,58,94,90,464,97,30201,3788,20,90,815.4,0.9107177442598929,0.9,7,733.86
2023-08-01,73,46,28,46,67,654,72,16763,4610,31,88,972.6,1.172281365490117,0.95,8,923.97
2023-08-02,28,50,57,47,55,743,42,8096,1026,93,81,246.4,1.0517072497376931,0.95,8,234.07999999999998
2023-08-03,36,46,37,42,86,509,353,13993,1527,54,79,346.0,1.1601211255273864,0.95,8,328.7
2023-08-04,70,38,25,49,50,193,359,11860,878,63,99,226.8,1.049778084789386,0.95,8,215.46
2023-08-05,29,51,47,89,89,720,274,25316,1584,36,60,362.6,0.9313212716037014,0.95,8,344.47
2023-08-06,92,46,43,89,79,387,277,14005,3637,34,91,791.0,0.9860185090839627,0.95,8,751.4499999999999
2023-08-07,96,58,52,74,56,877,200,29395,1540,36,83,370.2,1.01547169932902,0.95,8,351.69
2023-08-08,51,64,38,41,73,385,25,47620,4843,77,65,1012.8,1.0238015148554132,0.95,8,962.16
2023-08-09,24,46,33,88,52,226,158,28724,2766,37,89,602.6,0.9825986746702634,0.95,8,572.47
2023-08-10,78,31,17,63,95,570,143,27911,2121,65,88,476.2,0.832793043794262,0.95,8,452.39
2023-08-11,28,37,62,57,53,887,71,47722,4215,87,90,885.4,1.1722928222814584,0.95,8,841.13
2023-08-12,67,53,27,54,73,811,75,49105,3386,98,89,729.8,1.02289412497033,0.95,8,693.31
2023-08-13,34,41,67,80,74,663,165,30944,4005,89,67,845.4,1.1162877474846071,0.95,8,803.13
2023-08-14,78,57,40,65,97,484,433,31406,2352,39,82,526.8,0.9681522542215796,0.95,8,500.4599999999999
2023-08-15,41,77,36,73,56,898,408,26890,3686,69,72,789.8,0.9547353216819147,0.95,8,750.31
2023-08-16,99,87,41,65,88,844,60,38320,945,79,99,259.0,0.8101990622569735,0.95,8,246.04999999999998
2023-08-17,37,73,54,89,84,444,246,47556,1228,44,72,299.8,0.8305678630468131,0.95,8,284.81
2023-08-18,57,89,37,47,53,710,377,44473,1275,64,99,313.4,0.8538054067277714,0.95,8,297.72999999999996
2023-08-19,43,58,71,78,65,664,481,42422,4696,23,96,994.2,0.8283094449127731,0.95,8,944.49
2023-08-20,72,42,66,86,60,993,438,48632,2342,82,62,520.8,1.1312405331697701,0.95,8,494.75999999999993
2023-08-21,50,68,79,50,86,160,136,10917,2925,72,97,638.0,1.1698851701560904,0.95,8,606.1
2023-08-22,92,30,57,42,85,684,339,27810,1948,77,66,435.6,0.8934445059908747,0.95,8,413.82
2023-08-23,29,70,49,61,76,136,238,37517,1404,22,99,332.6,0.9717797091690862,0.95,8,315.97
2023-08-24,30,35,34,71,55,161,358,39304,3938,38,89,832.6,1.135804664986551,0.95,8,790.97
2023-08-25,37,53,32,75,75,544,447,4137,2599,82,93,571.4,1.1584801600070054,0.95,8,542.8299999999999
2023-08-26,56,61,57,76,67,695,145,33771,3566,67,85,768.8,1.1949218906366388,0.95,8,730.3599999999999
2023-08-27,58,39,59,86,51,716,422,30947,3450,40,67,740.0,1.1450786557535637,0.95,8,703.0
2023-08-28,98,46,43,44,61,752,99,10949,3447,71,79,742.8,0.9523484040484772,0.95,8,705.66
2023-08-29,37,78,65,82,68,659,247,42840,1977,50,79,450.6,1.1773266621599758,0.95,8,428.07
2023-08-30,99,31,40,47,72,233,246,32712,2630,58,98,581.0,1.0521189644224265,0.95,8,551.9499999999999
2023-08-31,54,35,22,79,75,220,280,17669,3191,88,96,691.0,1.132346131919964,0.95,8,656.4499999999999
2023-09-01,48,59,31,66,56,873,99,8174,3991,94,73,847.4,1.1738819643225338,1.3,9,1101.6200000000001
2023-09-02,30,69,63,85,61,378,204,29754,3853,45,60,819.4,1.0534391803240122,1.3,9,1065.22
2023-09-03,95,71,37,75,64,393,209,44464,2362,57,89,538.4,1.089720631057184,1.3,9,699.92
2023-09-04,27,55,35,92,55,177,314,41851,3911,56,96,836.2,0.828293374769886,1.3,9,1087.0600000000002
2023-09-05,20,71,22,74,79,597,55,39976,4921,49,93,1035.8,0.9127176510371997,1.3,9,1346.54
2023-09-06,87,31,38,63,69,273,357,22349,4573,90,74,965.6,1.1605084349526569,1.3,9,1255.28
2023-09-07,37,71,68,59,88,155,471,5677,4857,44,83,1021.4,0.9048936086118133,1.3,9,1327.82
2023-09-08,94,77,30,60,95,929,346,10450,4746,89,64,1008.2,0.9845580287068569,1.3,9,1310.66
2023-09-09,86,44,29,77,59,919,258,39079,3278,54,70,711.0,0.8637308685418177,1.3,9,924.3000000000001
2023-09-10,26,32,49,50,99,665,458,21262,1780,85,70,391.6,1.0956469242198783,1.3,9,509.08000000000004
2023-09-11,84,42,78,68,85,887,160,9734,3776,71,78,809.6,1.0881765842093718,1.3,9,1052.48
2023-09-12,37,74,30,51,88,752,237,15797,673,39,77,182.4,1.1966075981863857,1.3,9,237.12
2023-09-13,69,86,22,99,75,278,391,41477,2764,97,67,617.0,1.1561082876064905,1.3,9,802.1
2023-09-14,35,60,35,91,75,675,255,3691,2382,94,69,527.4,1.1460322797556752,1.3,9,685.62
2023-09-15,54,38,42,70,69,138,364,37428,3420,28,92,734.8,0.8887118841805182,1.3,9,955.24
2023-09-16,91,82,22,94,84,244,270,32670,2600,69,92,591.8,1.1116492829876912,1.3,9,769.3399999999999
2023-09-17,51,55,39,55,50,295,224,46557,3221,92,93,695.0,1.1150932033729837,1.3,9,903.5
2023-09-18,86,51,39,97,85,357,324,27378,1470,89,78,356.4,1.1291438911563823,1.3,9,463.32
2023-09-19,86,84,21,44,57,408,180,39770,1181,93,98,298.6,0.8991551448597761,1.3,9,388.18000000000006
2023-09-20,38,86,20,51,73,304,287,46319,4313,36,96,916.8,0.9296820110255388,1.3,9,1191.84
2023-09-21,53,32,23,89,73,178,257,6199,4785,78,72,1006.2,0.8267971869526809,1.3,9,1308.0600000000002
2023-09-22,68,35,43,65,91,683,375,30554,2539,81,77,556.8,1.1197975070491155,1.3,9,723.8399999999999
2023-09-23,50,49,48,93,80,752,373,40305,3268,53,68,705.6,0.9700546170691545,1.3,9,917.2800000000001
2023-09-24,33,77,31,57,84,898,427,3457,2026,83,85,455.6,1.0416717536587419,1.3,9,592.2800000000001
2023-09-25,68,39,29,82,81,393,492,7198,2794,64,99,616.4,1.1246553089769502,1.3,9,801.32
2023-09-26,88,81,42,82,77,905,251,18207,4573,22,62,977.2,0.9636404248272711,1.3,9,1270.3600000000001
2023-09-27,39,48,50,55,88,249,316,42955,4900,80,83,1025.0,0.8634823407038157,1.3,9,1332.5
2023-09-28,76,35,31,95,80,203,85,17992,1495,32,81,356.4,1.1747278987578804,1.3,9,463.32
2023-09-29,35,76,34,75,79,684,222,43589,2081,71,64,466.2,1.0653140140777626,1.3,9,606.0600000000001
2023-09-30,78,32,48,78,57,896,421,9672,1339,63,60,317.4,1.1854282461230796,1.3,9,412.62
2023-10-01,26,84,44,83,60,922,364,18488,1888,38,83,432.8,0.9384701697479717,1.1,10,476.08000000000004
2023-10-02,23,33,17,50,98,943,472,31600,3180,27,62,669.6,1.1014262352610873,1.1,10,736.5600000000001
2023-10-03,91,60,55,69,60,335,276,5475,4067,54,83,874.0,1.0752724812579437,1.1,10,961.4000000000001
2023-10-04,64,85,67,67,57,485,178,5918,2490,70,84,558.0,1.0227903764964754,1.1,10,613.8000000000001
2023-10-05,57,33,79,69,79,366,474,21777,3849,43,64,814.4,0.9878991463955022,1.1,10,895.84
2023-10-06,81,57,48,81,63,171,300,26929,3293,83,84,719.2,0.8438856162112676,1.1,10,791.1200000000001
2023-10-07,26,69,21,90,73,167,140,19047,2826,39,66,615.4,1.1616006982599594,1.1,10,676.94
2023-10-08,49,68,45,89,74,181,317,23401,3387,27,97,738.0,1.0678076828264764,1.1,10,811.8000000000001
2023-10-09,30,65,65,64,88,517,190,9594,1363,42,84,321.2,0.9578668151175938,1.1,10,353.32
2023-10-10,64,85,36,50,57,157,60,25421,3682,33,64,789.0,1.1980913971478762,1.1,10,867.9000000000001
2023-10-11,57,37,56,68,50,156,192,5330,2096,26,87,469.0,1.0572306685584394,1.1,10,515.9000000000001
2023-10-12,25,76,17,46,82,152,305,5337,1068,61,96,262.2,1.1902126277810114,1.1,10,288.42
2023-10-13,30,64,57,91,72,941,91,11282,2563,69,61,561.8,0.8385788156627965,1.1,10,617.98
2023-10-14,58,72,51,50,99,246,273,11083,1754,99,74,401.6,0.8903286617087846,1.1,10,441.76000000000005
2023-10-15,70,51,26,82,87,939,27,37598,1937,67,87,445.4,1.1299550330854218,1.1,10,489.94
2023-10-16,72,53,38,61,96,523,149,1478,1537,76,62,357.0,0.887947766074167,1.1,10,392.70000000000005
2023-10-17,68,50,50,46,63,497,478,30188,1529,54,65,351.6,1.1655531939670114,1.1,10,386.76000000000005
2023-10-18,75,39,35,88,98,184,356,44638,2442,21,83,545.4,1.041587344643255,1.1,10,599.94
2023-10-19,26,40,75,98,72,599,327,5579,2264,89,84,502.4,1.1066634940483426,1.1,10,552.64
2023-10-20,99,67,27,47,76,703,65,32135,865,51,82,232.0,1.0892950443143379,1.1,10,255.20000000000002
2023-10-21,47,39,40,53,82,852,428,25109,4659,72,86,976.8,1.0347824936804355,1.1,10,1074.48
2023-10-22,88,39,72,67,87,974,75,39010,2058,91,85,467.4,0.9318572794502034,1.1,10,514.14
2023-10-23,30,79,71,46,53,458,24,14023,2318,50,69,508.4,0.8140120746614719,1.1,10,559.24
2023-10-24,44,53,33,56,71,899,159,37572,1024,66,89,253.2,1.1115161350098721,1.1,10,278.52
2023-10-25,65,81,38,83,78,632,35,49279,1733,47,84,409.2,0.8506331296125429,1.1,10,450.12
2023-10-26,50,46,18,80,77,425,39,40213,4137,78,75,877.6,1.0701402829543885,1.1,10,965.3600000000001
2023-10-27,95,51,69,92,81,608,214,36227,934,38,63,247.0,0.9192301261472722,1.1,10,271.70000000000005
2023-10-28,35,79,66,61,58,543,375,41008,4023,32,70,853.6,0.9215219779857483,1.1,10,938.9600000000002
2023-10-29,80,47,26,87,77,856,107,37876,508,84,96,163.6,1.1144238236910118,1.1,10,179.96
2023-10-30,74,61,65,51,58,856,198,14826,1467,87,67,344.0,0.9909668009999937,1.1,10,378.40000000000003
2023-10-31,28,62,61,82,70,285,330,15016,2739,53,61,594.4,1.0277612378016823,1.1,10,653.84
2023-11-01,53,45,21,70,94,727,216,22297,3611,57,68,769.4,1.0457758532067005,1.2,11,923.28
2023-11-02,90,65,46,59,64,445,225,24146,1137,99,64,283.0,0.880376728847228,1.2,11,339.59999999999997
2023-11-03,38,56,17,69,50,741,244,6585,4785,69,77,1005.0,1.0991746867554884,1.2,11,1206.0
2023-11-04,25,42,43,77,82,106,181,16984,1493,79,64,340.2,0.8186320732883554,1.2,11,408.23999999999995
2023-11-05,29,35,33,71,89,548,44,47412,2174,73,70,475.8,1.0536703666826832,1.2,11,570.96
2023-11-06,94,65,45,47,57,471,318,38225,4512,69,79,959.4,0.8795956810514498,1.2,11,1151.28
2023-11-07,90,39,72,43,51,308,145,27680,4418,91,95,937.0,1.0267301508241875,1.2,11,1124.3999999999999
2023-11-08,95,80,55,69,87,640,26,11146,3821,62,72,827.4,1.0609482512737372,1.2,11,992.8799999999999
2023-11-09,34,54,32,82,70,482,281,30492,4465,37,96,946.2,0.9332183557382165,1.2,11,1135.44
2023-11-10,95,63,43,92,79,184,305,47479,910,72,61,244.2,0.9345800358937574,1.2,11,293.03999999999996
2023-11-11,57,47,65,48,83,958,184,2613,1269,20,77,299.6,1.1552839240495965,1.2,11,359.52000000000004
2023-11-12,57,41,65,91,98,371,135,47910,1631,89,91,382.2,1.1833688767727888,1.2,11,458.64
2023-11-13,60,39,49,59,96,278,485,39863,3554,85,99,762.2,1.0802734340709008,1.2,11,914.64
2023-11-14,59,50,23,79,66,715,43,6986,2628,42,95,582.2,1.0055349133989846,1.2,11,698.64
2023-11-15,96,36,63,98,73,216,286,42482,3649,59,62,788.2,0.9247678368963158,1.2,11,945.84
2023-11-16,28,53,19,72,72,687,404,14327,985,52,74,242.4,0.9663083267641563,1.2,11,290.88
2023-11-17,86,67,69,97,73,175,123,40872,1010,47,69,265.8,1.170248316769477,1.2,11,318.96
2023-11-18,43,62,72,74,91,182,47,24781,3833,31,91,820.6,0.9329444286802093,1.2,11,984.72
2023-11-19,21,56,71,42,52,480,234,4214,1178,40,93,278.0,1.1163805150102186,1.2,11,333.59999999999997
2023-11-20,77,78,51,90,75,457,122,30947,836,55,96,235.4,1.1212602772585711,1.2,11,282.48
2023-11-21,64,52,16,95,85,859,427,47048,2770,99,80,612.2,0.9339727810353846,1.2,11,734.64
2023-11-22,95,56,22,75,53,492,413,37084,1096,63,88,282.0,0.9300490632688603,1.2,11,338.4
2023-11-23,54,61,68,42,92,739,198,47571,1104,36,74,267.0,1.0396740086975478,1.2,11,320.4
2023-11-24,45,33,44,50,63,649,335,34677,2565,90,94,557.4,0.8830449481318989,1.2,11,668.88
2023-11-25,59,71,67,71,98,875,10,27857,2619,48,79,579.8,0.9946484826738164,1.2,11,695.7599999999999
2023-11-26,73,81,50,63,63,452,24,31480,3764,77,69,810.0,0.872944467468587,1.2,11,972.0
2023-11-27,39,75,74,52,81,227,129,29916,2220,90,90,495.2,0.9796929844279749,1.2,11,594.24
2023-11-28,93,35,60,88,96,592,61,30891,712,63,81,201.8,1.1598043993901046,1.2,11,242.16
2023-11-29,92,79,73,41,76,168,55,7695,4929,30,96,1047.4,1.1713828035663671,1.2,11,1256.88
2023-11-30,34,72,59,90,85,400,417,18752,932,85,74,240.4,0.8134028628974961,1.2,11,288.48
2023-12-01,60,65,45,45,51,263,370,45068,4279,64,65,902.8,1.0209696777024375,1.3,12,1173.6399999999999
2023-12-02,46,30,67,58,82,828,58,30552,1724,22,63,384.2,0.8773052067388721,1.3,12,499.46
2023-12-03,55,78,44,58,91,465,290,9384,2551,34,95,567.4,1.1169831283093146,1.3,12,737.62
2023-12-04,60,68,62,91,51,469,417,22297,3190,64,97,701.2,0.9399592254374912,1.3,12,911.5600000000001
2023-12-05,65,34,29,63,65,363,224,36931,1189,83,71,284.4,1.072233242827358,1.3,12,369.71999999999997
2023-12-06,71,61,64,88,61,609,366,5278,964,40,90,254.8,1.052414790886437,1.3,12,331.24
2023-12-07,87,39,72,88,59,977,130,37272,3611,57,68,778.6,1.1137668997777979,1.3,12,1012.1800000000001
2023-12-08,30,43,57,65,88,262,363,12880,4738,35,66,988.4,0.8224369986052015,1.3,12,1284.92
2023-12-09,36,86,15,75,54,767,207,48690,2576,47,91,572.8,1.1009931620081934,1.3,12,744.64
2023-12-10,28,69,17,75,75,538,296,39932,1832,94,94,419.6,1.0522891939401464,1.3,12,545.48
2023-12-11,84,85,35,47,82,918,393,44997,1678,36,86,396.0,0.8909396983415262,1.3,12,514.8000000000001
2023-12-12,59,37,51,95,82,829,255,27891,2952,81,72,643.0,1.1499211035765509,1.3,12,835.9
2023-12-13,25,72,21,73,69,893,455,35638,3128,83,80,675.6,1.0885308417886645,1.3,12,878.2800000000001
2023-12-14,56,61,43,46,90,734,150,36488,3318,42,97,715.6,1.1700240216087618,1.3,12,930.2800000000001
2023-12-15,21,85,34,63,55,419,341,48270,3356,49,60,717.0,1.0918106165790813,1.3,12,932.1
2023-12-16,68,75,63,45,86,442,310,20374,1799,71,76,412.6,1.16631342179755,1.3,12,536.38
2023-12-17,82,55,33,77,68,255,73,32739,4833,67,91,1027.6,1.1944578435444106,1.3,12,1335.8799999999999
2023-12-18,22,81,15,72,77,734,445,38189,1206,56,73,290.8,1.0387173974817099,1.3,12,378.04
2023-12-19,20,48,49,82,53,196,303,35999,1625,90,61,367.2,0.8036298980114942,1.3,12,477.36
2023-12-20,53,36,21,96,59,560,354,16313,4479,98,63,945.4,1.0529731821680812,1.3,12,1229.02
2023-12-21,90,84,53,58,64,150,261,44122,4793,86,93,1023.6,0.9033385210183305,1.3,12,1330.68
2023-12-22,56,46,37,66,86,334,382,6108,4038,48,81,857.4,1.122750314317786,1.3,12,1114.6200000000001
2023-12-23,89,36,72,57,60,113,240,2381,3226,84,84,698.4,0.9641913674085443,1.3,12,907.92
2023-12-24,57,47,52,48,86,222,205,33431,3091,68,77,664.0,0.8584735914331971,1.3,12,863.2
2023-12-25,33,55,41,90,69,757,234,14881,3547,22,93,763.6,1.1218783239141654,1.3,12,992.6800000000001
2023-12-26,42,66,75,80,50,738,169,45555,4441,47,67,939.2,0.9930737012052172,1.3,12,1220.96
2023-12-27,77,83,55,82,62,772,43,14724,4175,67,95,902.4,0.9238790088907061,1.3,12,1173.1200000000001
2023-12-28,97,38,40,56,75,734,132,22876,4886,26,72,1029.8,1.127762767757269,1.3,12,1338.74
2023-12-29,38,80,26,82,88,268,160,25288,3268,51,98,713.2,0.9043573700027548,1.3,12,927.1600000000001
2023-12-30,55,39,78,43,94,717,118,31984,4429,20,75,928.2,0.9039864453304737,1.3,12,1206.66
2023-12-31,84,58,57,59,84,464,363,45354,3005,27,62,653.6,0.9251765875262086,1.3,12,849.6800000000001
2024-01-01,74,30,18,48,51,688,62,42207,2393,52,79,524.8,0.9760500264620653,1.2,1,629.7599999999999
2024-01-02,35,67,64,53,88,745,414,9047,4265,96,69,897.8,0.9600553633795293,1.2,1,1077.36
2024-01-03,48,61,66,50,74,694,215,29164,1216,26,88,292.6,0.9589126732262987,1.2,1,351.12
2024-01-04,33,48,39,51,53,624,394,11311,1801,60,64,399.4,1.1035029358007307,1.2,1,479.28
2024-01-05,39,33,19,92,73,984,231,10466,3019,69,99,656.4,0.9003927546166615,1.2,1,787.68
2024-01-06,40,55,31,94,85,459,235,24219,2795,76,72,611.2,0.971036204792287,1.2,1,733.44
2024-01-07,33,59,18,42,58,479,48,16443,3694,66,67,779.0,1.0580725781312386,1.2,1,934.8
2024-01-08,75,77,29,57,71,644,337,9982,3261,54,78,709.6,1.1340210474084378,1.2,1,851.52
2024-01-09,79,31,71,84,67,303,486,39190,2556,41,83,566.6,0.8453762285280855,1.2,1,679.92
2024-01-10,85,57,64,56,98,582,46,7955,542,34,83,164.6,0.8162159178547098,1.2,1,197.51999999999998
2024-01-11,62,89,57,72,94,811,489,17398,4628,32,76,985.4,1.1789286896439393,1.2,1,1182.48
2024-01-12,52,76,46,69,70,361,434,6835,1712,40,72,396.2,1.0088736513066632,1.2,1,475.43999999999994
2024-01-13,80,40,53,51,76,266,204,33010,3145,72,94,682.0,1.0904988307113659,1.2,1,818.4
2024-01-14,84,71,56,81,61,101,195,49857,1435,96,93,352.8,0.815741876629499,1.2,1,423.36
2024-01-15,98,35,20,99,71,999,484,18707,4710,49,88,1006.0,1.0089272523100332,1.2,1,1207.2
2024-01-16,25,58,59,50,85,897,85,43304,4518,52,87,947.6,0.8327258901858455,1.2,1,1137.12
2024-01-17,65,81,40,67,62,588,481,6495,3701,43,63,795.4,1.0726102171810183,1.2,1,954.4799999999999
2024-01-18,43,62,35,93,85,786,336,30833,4390,66,95,936.6,1.1111340530370237,1.2,1,1123.92
2024-01-19,39,67,33,53,79,319,16,39391,3622,65,68,769.8,0.850506494214978,1.2,1,923.7599999999999
2024-01-20,46,63,74,61,69,882,308,44724,2583,95,67,564.0,1.1154550488166945,1.2,1,676.8
2024-01-21,99,77,61,53,95,547,384,18495,2573,80,96,579.6,1.0272190088085833,1.2,1,695.52
2024-01-22,61,87,52,72,98,949,487,19745,3709,60,77,801.2,1.0040773906528264,1.2,1,961.44
2024-01-23,48,66,77,41,79,850,330,22888,3611,79,65,766.2,1.1149397514288435,1.2,1,919.44
2024-01-24,50,62,35,74,69,643,10,27523,679,57,84,189.8,0.89471234683923,1.2,1,227.76000000000002
2024-01-25,27,68,39,46,56,902,151,32574,4484,62,83,941.6,1.105679930874302,1.2,1,1129.92
2024-01-26,58,53,47,99,83,675,243,29139,3499,46,67,755.2,1.0771606264302434,1.2,1,906.24
2024-01-27,63,43,67,95,90,999,350,3459,3458,75,64,744.6,1.031421359029373,1.2,1,893.52
2024-01-28,73,56,70,95,56,112,418,3612,1200,58,97,304.2,0.9831567370412218,1.2,1,365.03999999999996
2024-01-29,30,35,36,44,59,197,381,30783,4068,30,73,850.0,1.1366514233204614,1.2,1,1020.0
2024-01-30,67,36,37,74,57,491,172,25571,2890,63,93,632.0,1.169688338658857,1.2,1,758.4
2024-01-31,63,36,58,92,74,483,319,44107,1794,38,99,416.8,1.140114816735299,1.2,1,500.15999999999997
2024-02-01,68,81,30,53,99,331,331,1163,2593,34,77,574.4,1.1647469174501164,1.4,2,804.16
2024-02-02,63,79,62,68,80,640,401,11671,1800,72,94,420.8,1.1558950715232796,1.4,2,589.12
2024-02-03,21,37,58,59,86,876,344,41225,3320,55,78,703.0,0.9320624715231972,1.4,2,984.1999999999999
2024-02-04,56,74,72,84,90,854,130,34314,4133,60,76,884.6,1.0119390538472781,1.4,2,1238.44
2024-02-05,41,55,37,76,91,595,224,22734,1042,22,60,254.8,1.065319779415325,1.4,2,356.71999999999997
2024-02-06,89,59,66,66,82,582,327,26644,4393,89,62,933.8,1.1739751868280315,1.4,2,1307.32
2024-02-07,60,88,47,55,84,385,259,26673,4115,44,72,878.0,0.9027586038464893,1.4,2,1229.1999999999998
2024-02-08,82,47,70,79,63,788,479,34617,1924,89,96,445.6,0.8016338327066291,1.4,2,623.84
2024-02-09,28,85,34,69,50,405,95,18896,2841,86,66,617.8,1.1005064593927463,1.4,2,864.9199999999998
2024-02-10,95,76,50,42,62,591,499,19159,2234,77,81,505.6,1.028472594871201,1.4,2,707.84
2024-02-11,38,39,66,79,53,169,186,34338,4837,22,70,1012.6,1.1475431514414598,1.4,2,1417.6399999999999
2024-02-12,64,83,67,95,83,600,204,35920,4896,58,66,1040.8,1.1023665111215148,1.4,2,1457.12
2024-02-13,51,87,74,86,52,717,314,8250,2706,34,92,604.4,1.1756549898373498,1.4,2,846.16
2024-02-14,94,46,33,63,77,881,430,11341,3972,71,77,850.4,1.0280454608072842,1.4,2,1190.56
2024-02-15,94,63,74,73,65,855,460,27502,4637,76,98,993.0,0.940859703078444,1.4,2,1390.1999999999998
2024-02-16,42,65,55,40,74,789,322,32702,4666,22,83,979.2,1.1583630946059782,1.4,2,1370.8799999999999
2024-02-17,69,61,49,73,75,849,219,35641,4400,43,68,934.2,0.951069207636383,1.4,2,1307.8799999999999
2024-02-18,50,82,23,69,72,761,64,38022,4873,58,83,1031.4,1.1484363673250668,1.4,2,1443.96
2024-02-19,26,46,77,96,75,735,255,10505,4704,64,76,989.6,0.9652594856344083,1.4,2,1385.44
2024-02-20,39,45,22,69,76,942,94,25834,1835,75,95,416.6,1.0938234531801077,1.4,2,583.24
2024-02-21,86,77,68,98,62,514,416,24594,1384,46,96,348.2,1.082265920258267,1.4,2,487.47999999999996
2024-02-22,82,39,34,70,84,922,24,40156,3668,63,96,791.0,0.8282593785004035,1.4,2,1107.3999999999999
2024-02-23,83,57,74,53,71,897,304,36463,2046,75,98,467.4,0.984603248268238,1.4,2,654.3599999999999
2024-02-24,74,82,24,70,85,593,483,6204,3964,77,85,855.0,0.9976921745834771,1.4,2,1197.0
2024-02-25,91,73,49,97,70,864,428,17958,683,21,61,201.0,0.9855749739037898,1.4,2,281.4
2024-02-26,63,33,25,50,85,466,277,25037,3106,96,93,669.0,1.0315023740615,1.4,2,936.5999999999999
2024-02-27,64,55,34,46,78,153,89,24332,4185,40,77,885.4,1.135098186042352,1.4,2,1239.56
2024-02-28,39,78,53,48,86,228,79,20821,1638,56,90,378.6,0.97562767376382,1.4,2,530.04
2024-02-29,89,37,57,85,61,306,289,45569,4243,92,87,908.2,1.0894151878351592,1.4,2,1271.48
2024-03-01,91,41,55,67,92,278,97,11261,2132,76,63,478.8,0.8920539514947889,1.1,3,526.6800000000001
2024-03-02,98,62,52,48,89,263,70,32530,1081,29,83,274.4,0.979604312472169,1.1,3,301.84
2024-03-03,43,41,32,61,50,101,130,26077,633,26,61,167.8,1.1696178159379185,1.1,3,184.58000000000004
2024-03-04,79,63,24,72,66,299,84,41685,778,74,82,214.8,1.1415823134170895,1.1,3,236.28000000000003
2024-03-05,42,53,43,57,67,780,60,12496,3853,66,85,818.0,0.9451531038924743,1.1,3,899.8000000000001
2024-03-06,43,77,24,54,76,324,363,38451,4762,47,71,1001.4,1.1057565506908231,1.1,3,1101.54
2024-03-07,66,42,41,67,57,846,58,9597,3086,26,67,665.6,0.9426374780093025,1.1,3,732.1600000000001
2024-03-08,29,77,62,79,94,514,257,27724,3007,42,78,654.0,1.103407577866224,1.1,3,719.4000000000001
2024-03-09,56,44,56,41,78,566,239,33215,4123,55,69,866.6,0.8744191470644171,1.1,3,953.2600000000001
2024-03-10,59,30,20,75,94,913,309,17539,772,51,71,201.4,0.9202911626093317,1.1,3,221.54000000000002
2024-03-11,32,86,72,97,72,736,14,44656,2581,37,78,574.8,0.8922501402663915,1.1,3,632.28
2024-03-12,65,41,63,68,91,208,492,30429,967,33,86,245.4,1.013483667455365,1.1,3,269.94000000000005
2024-03-13,77,30,55,62,84,854,19,21761,2617,24,91,575.4,0.9789097277081049,1.1,3,632.94
2024-03-14,20,36,50,89,85,327,336,3035,1676,48,82,380.6,0.9593017742302249,1.1,3,418.6600000000001
2024-03-15,22,40,49,86,89,959,486,43683,4935,82,87,1034.0,0.8078615140689054,1.1,3,1137.4
2024-03-16,44,83,48,67,93,677,290,20483,2480,78,75,549.8,1.1423652869226524,1.1,3,604.78
2024-03-17,40,57,32,96,54,237,433,44323,2610,34,61,572.8,1.1055317302656906,1.1,3,630.08
2024-03-18,44,85,29,60,69,778,211,18927,4823,53,65,1015.4,0.8804056406461285,1.1,3,1116.94
2024-03-19,21,77,57,73,65,401,447,8226,2665,27,61,579.4,0.9605628124219406,1.1,3,637.34
2024-03-20,39,53,70,98,59,590,419,25089,2104,51,91,477.0,0.9229612338912919,1.1,3,524.7
2024-03-21,41,71,24,57,80,766,146,9759,3919,61,72,832.0,1.0548804219257197,1.1,3,915.2
2024-03-22,85,60,23,88,58,127,477,48007,1100,79,61,278.8,0.9506057367669649,1.1,3,306.68000000000006
2024-03-23,32,67,25,97,50,422,316,11520,1680,61,94,394.0,1.080461679129642,1.1,3,433.40000000000003
2024-03-24,35,62,50,61,56,199,92,8778,644,70,77,175.8,1.1461532993983101,1.1,3,193.38000000000002
2024-03-25,80,71,51,68,94,425,420,46168,2272,65,66,511.4,1.171939846364269,1.1,3,562.54
2024-03-26,77,47,78,53,91,778,53,43447,4139,92,96,882.4,1.1964081530350112,1.1,3,970.6400000000001
2024-03-27,99,35,42,81,79,294,79,37692,2399,47,96,542.0,0.9940844497157345,1.1,3,596.2
2024-03-28,79,35,75,59,53,111,480,26488,808,74,60,208.2,1.0050993424731354,1.1,3,229.02
2024-03-29,97,53,33,67,70,557,292,12742,3925,27,68,842.0,0.9305823432548502,1.1,3,926.2
2024-03-30,54,78,30,65,67,233,343,9828,4938,32,62,1039.4,0.8728959104185722,1.1,3,1143.3400000000001
2024-03-31,65,33,69,75,56,271,255,32911,3708,61,77,791.6,0.9304055086053401,1.1,3,870.7600000000001
2024-04-01,48,61,21,57,69,364,425,22799,4493,57,76,947.0,1.0802683130049058,1.0,4,947.0
2024-04-02,79,72,54,82,68,261,163,33928,2965,73,92,658.0,0.8219793073019354,1.0,4,658.0
2024-04-03,45,61,59,71,87,881,116,14883,4410,36,63,930.0,0.9346642923417762,1.0,4,930.0
2024-04-04,77,53,30,96,72,656,496,8474,1720,84,90,407.2,1.1300208791006288,1.0,4,407.2
2024-04-05,74,46,39,96,74,102,441,41429,534,87,99,169.8,0.9227498369082319,1.0,4,169.8
2024-04-06,54,61,64,96,67,205,370,35729,1462,30,66,347.8,0.8757564307483476,1.0,4,347.8
2024-04-07,39,77,74,71,71,820,141,4754,3946,56,80,842.6,1.1964439871745927,1.0,4,842.6
2024-04-08,80,57,46,56,62,634,419,22344,2806,37,91,618.0,1.1767796865678473,1.0,4,618.0
2024-04-09,22,42,66,85,96,184,388,40673,4659,32,75,976.6,1.067247789018159,1.0,4,976.6
2024-04-10,29,72,72,72,74,961,380,19729,1739,27,66,395.6,0.8001903632445087,1.0,4,395.6
2024-04-11,27,43,33,41,76,151,387,49903,4640,86,99,970.0,1.1616450796723068,1.0,4,970.0
2024-04-12,69,44,23,40,81,510,334,8156,2479,92,82,542.8,0.9025840546642372,1.0,4,542.8
2024-04-13,85,78,60,51,58,703,52,37770,3707,79,80,800.2,1.1317667212555427,1.0,4,800.2
2024-04-14,73,35,58,42,82,824,342,42735,2654,30,73,575.4,1.1755451980065372,1.0,4,575.4
2024-04-15,28,48,59,71,59,733,333,14834,4294,78,88,905.8,0.8134276060532599,1.0,4,905.8
2024-04-16,76,84,16,93,75,520,275,48091,1695,28,66,402.8,0.9636863108877984,1.0,4,402.8
2024-04-17,50,84,38,77,75,565,488,3108,2628,36,94,586.6,0.8856583901379237,1.0,4,586.6
2024-04-18,71,86,48,53,64,922,236,20313,1025,75,95,266.0,1.0869077392494946,1.0,4,266.0
2024-04-19,39,81,73,51,67,445,422,3961,600,78,88,171.8,0.9190936001512727,1.0,4,171.8
2024-04-20,45,39,42,40,87,487,162,44851,4252,62,91,893.4,1.1114279136416132,1.0,4,893.4
2024-04-21,47,80,35,99,52,901,60,48103,3474,25,83,756.6,0.9339871128641911,1.0,4,756.6
2024-04-22,69,46,20,73,95,738,284,18321,2025,78,74,457.4,1.1271039895774935,1.0,4,457.4
2024-04-23,57,52,78,57,78,225,388,38636,2406,33,86,531.6,1.0905621219294133,1.0,4,531.6
2024-04-24,94,37,77,57,60,873,396,48854,3971,69,81,848.0,1.0970806365274748,1.0,4,848.0
2024-04-25,38,68,64,67,53,733,269,33458,3773,83,81,805.4,1.1948274073270662,1.0,4,805.4
2024-04-26,67,54,37,58,63,731,153,3891,1955,24,91,445.0,1.1910432557354946,1.0,4,445.0
2024-04-27,70,49,75,51,74,639,301,46141,1029,81,66,253.0,1.0535055815557364,1.0,4,253.0
2024-04-28,45,70,44,98,87,254,26,42890,2485,55,69,553.4,0.8393172761253255,1.0,4,553.4
2024-04-29,68,55,41,68,99,281,238,47953,3658,25,79,785.6,0.9368492019404587,1.0,4,785.6
2024-04-30,28,74,19,89,86,548,166,22648,4950,26,68,1041.8,0.8698839681457453,1.0,4,1041.8
2024-05-01,55,78,48,76,95,690,364,3743,4417,39,99,945.0,0.9785767290973775,1.0,5,945.0
2024-05-02,29,34,74,96,89,915,313,1781,4432,54,86,935.4,0.9390113727315479,1.0,5,935.4
2024-05-03,53,83,51,41,97,404,155,8868,1541,85,81,359.8,1.031646131815904,1.0,5,359.8
2024-05-04,82,54,78,77,62,616,37,46220,1297,33,79,317.8,1.1889528834623464,1.0,5,317.8
2024-05-05,94,85,16,53,79,596,389,22867,2069,76,86,477.4,1.05916173781271,1.0,5,477.4
2024-05-06,85,30,58,95,66,496,251,44606,1321,91,67,319.6,0.9359212860594818,1.0,5,319.6
2024-05-07,43,47,23,58,94,444,260,32682,2988,88,95,646.2,0.9415633305068727,1.0,5,646.2
2024-05-08,25,55,73,56,73,969,258,7791,1727,53,99,392.4,0.8146836519558207,1.0,5,392.4
2024-05-09,55,50,34,99,83,455,487,21297,2053,40,81,467.6,1.1490841989615859,1.0,5,467.6
2024-05-10,52,61,31,82,68,638,42,39176,2270,95,89,510.8,1.0944324502632665,1.0,5,510.8
2024-05-11,96,87,55,46,62,901,449,5086,2526,37,87,568.4,1.1510922421230414,1.0,5,568.4
2024-05-12,26,46,23,66,83,581,219,28544,2864,21,98,620.0,0.8552728638520765,1.0,5,620.0
2024-05-13,38,71,28,65,68,837,292,24491,1344,24,67,317.0,1.1757734922040148,1.0,5,317.0
2024-05-14,25,85,24,62,93,322,29,27706,3852,44,82,821.2,1.01924702771728,1.0,5,821.2
2024-05-15,92,36,68,81,88,559,403,2342,4937,29,80,1045.2,1.1468893476967517,1.0,5,1045.2
2024-05-16,30,44,35,90,56,592,20,37812,3052,50,91,661.4,0.89883841057808,1.0,5,661.4
2024-05-17,58,32,64,60,83,962,342,12287,3103,84,80,666.6,0.8546218133469476,1.0,5,666.6
2024-05-18,26,35,22,86,89,598,12,17728,2981,76,66,638.8,1.0423142195885284,1.0,5,638.8
2024-05-19,75,73,76,92,79,652,347,3597,4905,34,72,1043.4,1.1251805231403422,1.0,5,1043.4
2024-05-20,58,72,26,90,80,144,170,44375,3027,29,86,666.6,0.8059208957269325,1.0,5,666.6
2024-05-21,21,48,47,97,59,998,330,34219,504,39,68,147.6,0.9825979380952594,1.0,5,147.6
2024-05-22,77,51,40,45,89,150,458,19225,3803,57,99,815.0,1.1655017570950976,1.0,5,815.0
2024-05-23,60,64,66,97,73,334,253,24646,2222,53,83,505.2,0.9347643494685389,1.0,5,505.2
2024-05-24,77,34,55,55,67,779,387,45326,2444,44,86,539.2,1.1703657729192145,1.0,5,539.2
2024-05-25,23,63,64,46,54,193,231,20187,2973,91,66,634.2,0.9891575880223328,1.0,5,634.2
2024-05-26,22,34,45,47,53,859,83,23655,4389,42,82,914.8,1.0887295329376054,1.0,5,914.8
2024-05-27,28,73,28,81,67,692,486,37418,2098,69,72,470.4,0.9609377246864841,1.0,5,470.4
2024-05-28,95,49,37,84,50,775,183,23066,4364,91,66,931.6,0.8878771588651861,1.0,5,931.6
2024-05-29,30,47,34,62,72,324,410,44151,631,36,72,168.4,1.1031828872243796,1.0,5,168.4
2024-05-30,39,79,74,81,98,229,165,32466,2378,78,85,532.4,1.1315745986440515,1.0,5,532.4
2024-05-31,31,53,34,94,97,583,214,20307,3313,56,83,714.8,1.146817596788642,1.0,5,714.8
2024-06-01,94,81,33,78,54,599,171,43564,984,54,81,263.6,1.1611673181073705,0.9,6,237.24000000000004
2024-06-02,97,74,72,58,95,213,309,6409,2381,82,92,540.4,0.9384122819779135,0.9,6,486.36
2024-06-03,34,72,57,44,52,156,210,5173,804,53,65,203.8,0.8359469046823659,0.9,6,183.42000000000002
2024-06-04,59,37,53,93,76,449,44,18128,518,58,80,157.4,1.1416601173958165,0.9,6,141.66
2024-06-05,22,73,58,51,57,425,136,4362,4297,51,62,901.0,1.1897737907763364,0.9,6,810.9
2024-06-06,79,40,31,47,87,216,442,32734,1456,62,71,338.6,1.1597474398464813,0.9,6,304.74
2024-06-07,34,77,27,45,81,817,102,6455,1706,92,85,389.4,0.9910940642345338,0.9,6,350.46
2024-06-08,38,66,78,89,89,906,19,22756,4420,37,71,936.8,0.9226165160902806,0.9,6,843.12
2024-06-09,96,81,40,47,84,146,339,10978,3995,77,79,859.6,0.9310571381919657,0.9,6,773.64
2024-06-10,59,66,21,88,83,637,207,6654,2822,65,71,621.2,0.8123049244913216,0.9,6,559.08
2024-06-11,71,45,67,97,98,732,120,48237,3564,88,66,768.6,1.1893126984911575,0.9,6,691.74
2024-06-12,45,59,47,93,63,507,444,1220,4520,48,89,961.2,1.1883911873001582,0.9,6,865.08
2024-06-13,47,77,26,65,87,917,347,5024,4672,29,69,986.0,1.0483986989696112,0.9,6,887.4
2024-06-14,80,77,19,78,62,571,13,19042,2759,85,92,617.2,1.1745863147639466,0.9,6,555.48
2024-06-15,29,31,79,81,60,338,306,20647,2762,65,71,594.8,1.1923219926018218,0.9,6,535.3199999999999
2024-06-16,87,42,79,95,70,662,397,15442,3380,57,68,734.4,1.196975985834508,0.9,6,660.96
2024-06-17,65,41,58,40,70,565,153,10169,1605,89,89,368.0,1.1849324987984349,0.9,6,331.2
2024-06-18,41,71,37,41,63,207,359,9956,3155,65,69,675.4,1.1382670143275289,0.9,6,607.86
2024-06-19,87,88,28,46,78,830,106,17696,4941,83,67,1045.8,1.1174690589770429,0.9,6,941.22
2024-06-20,63,44,61,55,77,442,95,45787,2472,67,67,540.2,0.9182400935843518,0.9,6,486.18000000000006
2024-06-21,49,74,34,68,80,631,497,1783,1843,74,65,419.8,1.0335231223570431,0.9,6,377.82
2024-06-22,39,80,73,98,71,709,256,3839,2890,84,87,638.8,0.9756303684735772,0.9,6,574.92
2024-06-23,46,31,40,84,50,337,39,15018,1460,79,65,337.2,0.8837933597659318,0.9,6,303.48
2024-06-24,72,56,76,57,78,612,188,32217,1408,80,78,334.2,1.0935268465030965,0.9,6,300.78
2024-06-25,75,52,61,40,87,356,231,10960,2842,41,69,615.6,1.1007548311835427,0.9,6,554.0400000000001
2024-06-26,89,85,59,68,63,122,46,31144,4169,32,88,899.8,1.0951561267065837,0.9,6,809.8199999999999
2024-06-27,88,49,63,41,72,404,369,18238,1405,31,72,331.0,1.0677269170632187,0.9,6,297.90000000000003
2024-06-28,89,81,79,86,85,598,465,20748,4451,31,60,953.4,0.9257211031178438,0.9,6,858.06
2024-06-29,51,68,67,80,54,572,135,3557,3511,29,69,755.8,0.9576762639293362,0.9,6,680.22
2024-06-30,99,75,69,74,93,799,271,16821,4377,72,69,938.8,1.1372704638534117,0.9,6,844.92
2024-07-01,60,43,22,59,65,984,317,21466,4841,22,94,1019.4,0.9339342198431656,0.9,7,917.46
2024-07-02,78,63,51,47,62,407,264,42161,2800,68,97,617.0,1.0758143043494863,0.9,7,555.3000000000001
2024-07-03,75,78,58,96,79,200,424,21585,4802,36,96,1029.4,0.9531612556959197,0.9,7,926.4600000000002
2024-07-04,76,82,45,95,90,300,177,40834,2643,50,88,596.8,1.15188461593488,0.9,7,537.12
2024-07-05,40,76,26,51,51,560,122,3958,3301,63,86,710.8,0.8064885005808096,0.9,7,639.72
2024-07-06,59,63,41,63,88,422,82,8595,1636,89,70,378.2,1.0120443539772541,0.9,7,340.38
2024-07-07,50,62,62,69,79,715,267,45653,1536,45,68,357.0,0.9591247284515688,0.9,7,321.3
2024-07-08,33,52,45,98,78,712,90,2274,733,69,77,198.6,1.1240178860949879,0.9,7,178.74
2024-07-09,99,55,69,73,77,146,452,38829,807,65,72,221.2,1.0012718885187166,0.9,7,199.07999999999998
2024-07-10,89,76,55,44,73,139,41,37819,625,85,89,184.6,0.9906662642596183,0.9,7,166.14
2024-07-11,59,48,29,91,85,928,367,34100,1313,54,99,322.0,1.144637277406202,0.9,7,289.8
2024-07-12,73,71,63,40,93,950,313,9927,1278,50,75,307.4,0.8738868129915295,0.9,7,276.65999999999997
2024-07-13,94,59,17,96,85,325,204,34219,4638,99,94,996.2,0.903308709380728,0.9,7,896.58
2024-07-14,48,56,22,99,59,358,246,6188,4426,65,76,941.0,0.9745747507702633,0.9,7,846.9
2024-07-15,47,36,39,95,91,724,400,19148,4202,31,78,891.6,0.8348502707858486,0.9,7,802.44
2024-07-16,99,61,55,71,51,149,271,15284,1425,21,68,344.8,0.824989994013054,0.9,7,310.32
2024-07-17,40,61,21,99,85,997,216,25442,3738,64,65,800.6,0.9070331305075657,0.9,7,720.5400000000001
2024-07-18,50,67,75,81,72,428,352,24903,933,93,77,241.6,0.9931492232740131,0.9,7,217.44
2024-07-19,34,48,41,98,59,441,498,20547,2074,38,80,466.8,1.0796086812971708,0.9,7,420.12
2024-07-20,81,54,35,59,87,841,310,41265,4916,22,63,1034.6,1.1808461370928403,0.9,7,931.14
2024-07-21,41,40,47,60,60,130,149,7552,4615,53,78,966.8,0.8266498534088269,0.9,7,870.12
2024-07-22,20,48,70,48,85,572,267,26039,2745,33,61,584.4,0.8691933063580098,0.9,7,525.96
2024-07-23,86,77,74,47,92,618,125,13177,2674,32,80,592.8,0.9213993079846414,0.9,7,533.52
2024-07-24,95,67,55,72,88,188,113,38245,1358,65,81,334.6,1.0853423669729274,0.9,7,301.14000000000004
2024-07-25,66,34,76,44,57,168,495,14058,4713,24,68,985.0,0.9750286315288937,0.9,7,886.5
2024-07-26,53,46,36,87,62,403,98,42749,4407,33,86,935.8,0.809886766680743,0.9,7,842.22
2024-07-27,20,31,58,74,96,390,338,11165,3783,70,88,799.2,0.9063950077136316,0.9,7,719.2800000000001
2024-07-28,99,63,51,94,77,725,327,42841,2313,67,67,527.2,0.993823442348293,0.9,7,474.4800000000001
2024-07-29,76,67,76,58,86,839,428,5690,2632,35,70,580.6,1.1048556063369868,0.9,7,522.5400000000001
2024-07-30,53,62,56,47,71,569,168,47211,1655,68,91,381.6,1.0475301768553686,0.9,7,343.44000000000005
2024-07-31,41,46,34,48,98,284,304,1501,587,38,78,160.0,1.1474040232021405,0.9,7,144.0
2024-08-01,65,46,40,94,63,449,184,6500,2042,52,68,463.0,1.1407068605182666,0.95,8,439.84999999999997
2024-08-02,91,51,74,92,61,879,99,18509,2948,78,92,654.8,1.1377266583716454,0.95,8,622.06
2024-08-03,70,88,76,95,71,551,138,33203,4697,45,86,1007.2,1.0772561817876456,0.95,8,956.84
2024-08-04,57,72,38,69,82,452,383,42031,2076,90,77,470.2,1.0030695202534832,0.95,8,446.68999999999994
2024-08-05,56,89,19,54,99,962,94,3208,3563,57,82,768.8,0.8825546441489067,0.95,8,730.3599999999999
2024-08-06,24,50,29,65,82,966,307,33362,2559,94,96,558.8,0.9551712578794664,0.95,8,530.8599999999999
2024-08-07,87,89,22,62,94,418,494,2663,3171,77,67,695.2,1.1108199509789807,0.95,8,660.44
2024-08-08,27,79,47,99,98,418,94,36325,4772,24,89,1013.2,1.1149517945919807,0.95,8,962.54
2024-08-09,55,69,67,76,98,423,273,28483,712,93,83,199.0,1.175737435578944,0.95,8,189.04999999999998
2024-08-10,93,34,25,73,97,685,147,27926,3588,56,71,771.8,1.1532661245416833,0.95,8,733.2099999999999
2024-08-11,20,43,24,68,96,373,156,3041,3494,44,72,739.4,1.1986574467541817,0.95,8,702.43
2024-08-12,96,83,54,78,57,209,91,1708,1775,69,70,420.4,1.060965438179402,0.95,8,399.37999999999994
2024-08-13,49,42,59,70,98,453,25,32507,4438,91,90,937.8,0.8961700068945485,0.95,8,890.91
2024-08-14,49,42,19,77,64,107,148,28810,2137,88,70,475.0,1.1189531760633367,0.95,8,451.25
2024-08-15,91,32,66,91,87,548,218,49282,4396,54,79,937.8,1.0398269117583745,0.95,8,890.91
2024-08-16,65,55,31,47,84,500,30,41638,2535,65,60,552.4,0.8934320150956112,0.95,8,524.78
2024-08-17,46,54,25,82,88,608,325,17651,3729,21,84,799.0,0.8685432400293156,0.95,8,759.05
2024-08-18,51,56,29,95,76,670,69,1842,3656,61,61,783.8,0.8018693483647038,0.95,8,744.6099999999999
2024-08-19,44,38,21,59,73,492,223,9609,4172,84,89,880.4,1.1168920873533972,0.95,8,836.38
2024-08-20,84,30,24,79,62,834,409,13053,4171,64,60,884.8,0.9678521895746335,0.95,8,840.56
2024-08-21,56,71,41,41,70,159,416,25040,3046,68,80,658.8,1.1199704398054968,0.95,8,625.8599999999999
2024-08-22,97,48,36,99,99,988,457,40279,3554,24,80,775.6,1.073884425068529,0.95,8,736.8199999999999
2024-08-23,71,43,41,72,82,648,58,21869,1817,32,84,417.4,1.1938076745596375,0.95,8,396.53
2024-08-24,48,66,44,72,70,725,211,12583,2860,93,79,625.0,1.0453947678952582,0.95,8,593.75
2024-08-25,44,75,41,95,89,727,281,36007,1735,34,89,407.6,1.035975522048079,0.95,8,387.22
2024-08-26,55,61,78,84,94,915,16,38222,1876,70,98,434.8,0.9932793536864291,0.95,8,413.06
2024-08-27,25,64,56,90,82,570,435,7793,2024,62,65,453.6,0.9823763005657485,0.95,8,430.92
2024-08-28,90,82,31,96,76,186,345,4891,2087,34,70,485.0,1.0135806104205614,0.95,8,460.75
2024-08-29,91,48,26,49,87,203,446,48809,2598,99,85,574.2,1.0235546015942447,0.95,8,545.49
2024-08-30,73,57,26,89,73,815,425,49981,2324,28,95,527.6,1.0888167862042621,0.95,8,501.21999999999997
2024-08-31,88,68,27,57,76,436,375,16598,4243,21,73,905.8,0.8532675377334102,0.95,8,860.5099999999999
2024-09-01,47,34,20,70,72,620,173,5490,4437,97,97,937.0,1.1331462396414091,1.3,9,1218.1000000000001
2024-09-02,74,36,61,86,99,807,273,30834,1790,33,94,416.0,1.0342523273902027,1.3,9,540.8000000000001
2024-09-03,38,83,25,61,86,148,478,4492,2320,83,78,516.0,1.1966258495400932,1.3,9,670.8000000000001
2024-09-04,91,73,54,56,89,938,80,30256,1971,96,90,456.2,1.0020841020231193,1.3,9,593.0600000000001
2024-09-05,23,71,74,51,61,649,54,20337,547,37,75,153.4,1.146005144709991,1.3,9,199.42000000000002
2024-09-06,80,81,35,89,52,682,308,3064,3810,45,63,824.6,1.1708094908257578,1.3,9,1071.98
2024-09-07,25,86,36,85,75,973,24,41205,4939,54,81,1043.2,0.8202480207780531,1.3,9,1356.16
2024-09-08,87,67,64,70,74,279,357,11979,1324,83,74,324.4,0.8514557720728733,1.3,9,421.71999999999997
2024-09-09,93,36,19,49,85,267,41,33763,1078,91,62,263.6,0.8811041281317622,1.3,9,342.68000000000006
2024-09-10,43,32,51,94,73,571,256,16221,1261,86,97,305.4,1.1965051092936154,1.3,9,397.02
2024-09-11,34,64,34,85,51,190,168,39895,853,80,92,225.6,0.8608716830442059,1.3,9,293.28000000000003
2024-09-12,52,71,60,60,84,728,81,20053,3273,95,80,707.2,1.1997099453224938,1.3,9,919.3600000000001
2024-09-13,77,30,24,70,53,119,386,2775,2058,86,60,459.0,0.9102044414719632,1.3,9,596.7
2024-09-14,31,85,66,47,54,968,243,8303,1641,75,73,375.4,1.1514151446438026,1.3,9,488.02
2024-09-15,66,73,77,80,55,750,55,12878,2275,98,69,512.6,1.1610845855942127,1.3,9,666.3800000000001
2024-09-16,85,68,74,81,60,999,101,48576,2370,91,66,534.0,0.948398116351342,1.3,9,694.2
2024-09-17,23,47,72,48,62,841,252,4261,3740,34,83,788.2,0.843027318780465,1.3,9,1024.66
2024-09-18,94,38,39,45,68,582,337,33142,4047,56,99,864.6,1.0217903594467754,1.3,9,1123.98
2024-09-19,69,68,21,43,71,214,208,16588,660,22,92,186.4,0.9384849078427489,1.3,9,242.32000000000002
2024-09-20,31,70,45,90,55,896,381,39708,3147,79,98,687.2,0.9612169383089567,1.3,9,893.3600000000001
2024-09-21,87,31,57,93,61,831,331,18267,1561,27,67,367.8,1.1589957565471714,1.3,9,478.14000000000004
2024-09-22,50,69,25,69,96,873,458,31288,4046,92,67,860.2,0.9753399019124633,1.3,9,1118.26
2024-09-23,68,37,26,81,90,412,343,30182,4002,97,72,852.0,1.0420237962567143,1.3,9,1107.6000000000001
2024-09-24,76,63,25,51,72,791,249,3646,3189,99,99,695.6,0.9908973133498025,1.3,9,904.2800000000001
2024-09-25,23,75,51,42,80,912,303,12249,1473,60,98,342.2,0.8463766308212493,1.3,9,444.86
2024-09-26,56,71,51,85,67,457,369,26450,1880,32,94,437.2,1.1776004232533879,1.3,9,568.36
2024-09-27,74,77,32,91,56,971,303,46120,3543,37,67,770.4,0.8514852307457814,1.3,9,1001.52
2024-09-28,42,34,63,87,77,585,66,38367,656,64,99,183.6,1.0965585062395502,1.3,9,238.68
2024-09-29,72,54,66,52,52,237,365,12047,1353,53,95,325.2,0.9216034642486823,1.3,9,422.76
2024-09-30,80,68,66,98,79,606,27,6021,910,94,80,247.2,1.1256302156535463,1.3,9,321.36
2024-10-01,86,79,58,89,51,375,80,18127,2107,40,71,486.4,0.830336728371398,1.1,10,535.04
2024-10-02,76,89,74,42,63,335,172,24989,1029,24,75,262.2,1.1465280056469267,1.1,10,288.42
2024-10-03,53,79,19,65,61,232,257,46574,3693,71,89,795.8,1.1675989828409215,1.1,10,875.38
2024-10-04,62,50,24,41,83,820,67,22092,1265,95,85,300.6,0.9863846552533065,1.1,10,330.66
2024-10-05,21,51,17,93,85,846,148,27919,2939,29,62,633.2,1.101206812383086,1.1,10,696.5200000000001
2024-10-06,49,80,45,54,70,724,241,25961,3803,86,82,813.6,0.8917437323676958,1.1,10,894.9600000000002
2024-10-07,42,59,36,49,57,933,76,46452,4279,28,80,901.8,0.8128193771211716,1.1,10,991.98
2024-10-08,46,55,50,90,61,808,87,8198,3000,60,69,652.0,0.8824616075693912,1.1,10,717.2
2024-10-09,45,83,45,44,78,773,335,33102,813,21,75,212.0,1.1334757105626736,1.1,10,233.20000000000002
2024-10-10,49,88,31,50,92,210,31,44893,1864,62,82,426.6,0.969624748505536,1.1,10,469.26000000000005
2024-10-11,29,78,21,47,51,665,235,5629,4972,99,89,1043.0,1.0077353308559376,1.1,10,1147.3000000000002
2024-10-12,43,43,29,40,94,299,228,16163,2489,20,90,541.0,1.0494307534925424,1.1,10,595.1
2024-10-13,78,41,63,99,92,675,38,2201,937,32,99,250.8,1.1410455612127712,1.1,10,275.88000000000005
2024-10-14,67,70,29,79,61,359,23,33570,4752,39,76,1008.8,1.0966709207081187,1.1,10,1109.68
2024-10-15,52,30,46,44,95,810,11,43475,4736,82,70,986.4,0.8247571476123797,1.1,10,1085.04
2024-10-16,82,34,62,92,61,841,183,18110,1656,59,68,386.4,1.085648531067408,1.1,10,425.04
2024-10-17,54,60,18,68,74,332,439,30797,1414,78,89,337.0,1.0261164162205971,1.1,10,370.70000000000005
2024-10-18,32,54,66,85,54,494,188,42402,2359,34,82,522.4,0.9863315819051719,1.1,10,574.64
2024-10-19,48,77,44,42,50,435,433,30265,4632,95,70,973.8,0.9857757742395785,1.1,10,1071.18
2024-10-20,43,79,30,53,76,134,374,6771,3552,53,81,761.6,1.1452153649714427,1.1,10,837.7600000000001
2024-10-21,29,73,78,60,70,176,321,10227,1453,91,92,341.4,0.9761894438932601,1.1,10,375.54
2024-10-22,57,80,17,79,50,771,479,41060,1495,80,81,358.4,0.8974411708165437,1.1,10,394.24
2024-10-23,37,80,47,40,54,559,430,34979,2140,25,99,479.2,1.0767459770534547,1.1,10,527.12
2024-10-24,60,64,51,64,50,427,21,27513,1505,30,83,355.2,1.0857134280759666,1.1,10,390.72
2024-10-25,68,80,61,52,84,357,278,28706,1127,73,74,280.2,1.1906491506718506,1.1,10,308.22
2024-10-26,58,45,34,66,79,989,216,46113,4059,34,91,863.8,1.0835550986203084,1.1,10,950.1800000000001
2024-10-27,43,66,73,56,75,249,401,16390,1282,99,70,303.4,0.8133188619508961,1.1,10,333.74
2024-10-28,65,57,22,50,93,724,484,3314,1598,73,79,369.8,1.1171742722181244,1.1,10,406.78000000000003
2024-10-29,39,49,35,66,52,517,69,42373,3896,65,96,829.2,0.8591429181275796,1.1,10,912.1200000000001
2024-10-30,39,59,58,98,83,264,268,19209,1844,91,86,425.2,1.1590547770329254,1.1,10,467.72
2024-10-31,38,59,71,46,96,843,463,44658,517,91,62,144.4,0.8547193441396543,1.1,10,158.84000000000003
2024-11-01,60,32,30,85,85,269,277,3212,2119,83,65,472.2,1.058669850414288,1.2,11,566.64
2024-11-02,89,34,59,77,74,489,483,36408,4473,73,61,946.8,0.8883564326909122,1.2,11,1136.1599999999999
2024-11-03,74,57,50,66,50,500,152,34566,4599,66,89,977.0,0.8674621486586834,1.2,11,1172.3999999999999
2024-11-04,76,61,45,79,67,613,377,9091,4143,21,73,886.4,0.8005198667045672,1.2,11,1063.6799999999998
2024-11-05,87,49,25,84,76,183,261,30696,1067,39,71,271.6,1.0562428729758544,1.2,11,325.92
2024-11-06,81,35,43,52,88,310,116,27689,836,71,85,217.8,0.8295526036818565,1.2,11,261.36
2024-11-07,68,72,39,97,68,753,307,2317,2228,38,77,508.4,1.1756845624133128,1.2,11,610.0799999999999
2024-11-08,66,32,25,57,84,401,349,21481,3587,20,84,765.2,1.1193561436909223,1.2,11,918.24
2024-11-09,77,57,77,71,65,633,419,3988,3546,70,99,770.0,1.0804604452227875,1.2,11,924.0
2024-11-10,72,56,32,50,58,675,183,15274,827,80,95,220.0,0.8254880565791789,1.2,11,264.0
2024-11-11,24,40,55,66,70,603,16,34052,1051,65,91,254.4,1.0859161420467571,1.2,11,305.28
2024-11-12,20,78,41,68,63,456,103,31579,2154,86,80,480.0,1.1403463911380025,1.2,11,576.0
2024-11-13,44,83,61,68,84,262,40,14822,4745,37,62,1000.4,1.1659450037299395,1.2,11,1200.48
2024-11-14,54,59,49,63,56,186,103,16692,4665,29,89,986.0,1.1637793482370666,1.2,11,1183.2
2024-11-15,39,75,48,68,80,107,405,6214,3826,78,85,818.6,0.996555495279636,1.2,11,982.3199999999999
2024-11-16,67,77,15,72,92,498,191,43904,1279,93,71,313.2,1.1420579629089467,1.2,11,375.84
2024-11-17,42,72,55,84,70,298,367,7022,759,52,73,206.0,0.9731503254587127,1.2,11,247.2
2024-11-18,40,39,51,64,65,482,296,41517,2166,44,96,481.0,0.9216069538373902,1.2,11,577.1999999999999
2024-11-19,36,49,43,84,84,388,155,32070,3437,47,93,739.8,0.9211004573448978,1.2,11,887.7599999999999
2024-11-20,96,86,43,79,58,105,274,49487,1620,85,82,392.6,1.1091797375134078,1.2,11,471.12
2024-11-21,34,55,28,68,57,315,441,1437,3024,37,78,651.8,0.8672939594854776,1.2,11,782.16
2024-11-22,93,53,36,40,51,635,268,33345,925,75,63,234.8,0.9235429119089508,1.2,11,281.76
2024-11-23,40,57,36,60,61,832,435,7256,3091,94,94,668.4,0.8425574763854986,1.2,11,802.0799999999999
2024-11-24,62,52,19,68,94,236,485,20337,3285,36,69,707.2,0.9755335126445547,1.2,11,848.64
2024-11-25,44,56,17,58,76,578,407,34792,893,72,62,222.6,0.9847036426769383,1.2,11,267.12
2024-11-26,48,75,50,43,57,991,460,8933,1944,83,83,438.6,1.0471897094445752,1.2,11,526.32
2024-11-27,73,38,69,95,58,198,384,49362,2556,40,85,569.4,1.1789716977365954,1.2,11,683.28
2024-11-28,76,88,35,96,85,759,153,47633,2187,95,85,506.4,0.8075369856778319,1.2,11,607.68
2024-11-29,55,63,20,71,92,716,283,24734,1719,63,67,395.0,0.8372169660072771,1.2,11,474.0
2024-11-30,66,64,50,74,82,864,364,11649,832,49,87,224.6,1.0852691053799564,1.2,11,269.52
2024-12-01,69,88,23,73,96,122,204,45950,3446,25,90,753.2,0.9444427470830739,1.3,12,979.1600000000001
2024-12-02,43,48,41,63,89,318,124,17051,3918,31,67,827.8,0.8657803662767899,1.3,12,1076.1399999999999
2024-12-03,67,75,61,80,81,177,203,21472,4099,29,97,883.6,0.891508205632472,1.3,12,1148.68
2024-12-04,29,39,78,99,64,794,57,36308,1619,79,78,372.8,1.0818693404370177,1.3,12,484.64000000000004
2024-12-05,31,51,45,67,97,111,414,36755,4197,87,82,885.6,1.1528201286985837,1.3,12,1151.28
2024-12-06,44,31,20,73,71,403,297,46089,4945,21,83,1035.2,1.0163450099974254,1.3,12,1345.7600000000002
2024-12-07,89,35,15,46,65,326,374,20531,2350,59,95,523.0,1.1065061178974476,1.3,12,679.9
2024-12-08,90,57,47,71,83,848,27,15728,1177,53,93,297.6,1.145382199275128,1.3,12,386.88000000000005
2024-12-09,61,48,41,99,92,720,330,47162,2362,58,78,529.6,0.834237367637675,1.3,12,688.48
2024-12-10,74,51,15,67,93,180,363,21190,2846,74,93,626.2,0.8861696579179262,1.3,12,814.0600000000001
2024-12-11,53,76,72,62,81,364,357,38571,4382,78,68,928.2,1.0340777983234535,1.3,12,1206.66
2024-12-12,78,54,40,57,59,391,18,18034,4595,97,90,974.8,1.087038108879704,1.3,12,1267.24
2024-12-13,79,58,68,79,87,787,204,8412,4538,60,67,964.2,0.8919875902218686,1.3,12,1253.46
2024-12-14,96,63,54,41,62,729,412,47961,2062,87,85,469.4,1.0765943684179426,1.3,12,610.22
2024-12-15,34,50,64,55,89,210,175,18088,4634,61,95,973.6,1.0341317677479247,1.3,12,1265.68
2024-12-16,24,71,71,74,57,347,125,43480,1633,78,65,373.4,0.8218586961250804,1.3,12,485.41999999999996
2024-12-17,78,45,43,75,69,925,73,26930,4111,34,82,878.2,1.1166956530669854,1.3,12,1141.66
2024-12-18,30,71,19,80,67,477,53,28896,2618,66,90,577.8,1.1040894890565225,1.3,12,751.14
2024-12-19,44,81,64,73,71,838,57,49975,3823,23,84,821.0,1.1021773784601065,1.3,12,1067.3
2024-12-20,73,55,43,79,68,419,440,8794,3730,31,82,803.8,1.1695915337544975,1.3,12,1044.94
2024-12-21,75,76,20,47,57,323,495,2198,3832,60,90,824.0,1.0223867662932926,1.3,12,1071.2
2024-12-22,21,63,56,79,94,743,136,45493,4859,33,88,1022.0,0.9740560383440381,1.3,12,1328.6000000000001
2024-12-23,83,43,77,86,83,685,313,47998,2886,63,62,632.0,0.9359853661479963,1.3,12,821.6
2024-12-24,54,55,25,74,87,801,403,47127,695,56,77,191.0,0.8799003112070071,1.3,12,248.3
2024-12-25,58,75,25,45,85,500,97,6375,3947,92,79,840.8,0.9464875449379005,1.3,12,1093.04
2024-12-26,24,54,16,82,68,224,461,6927,932,21,91,236.6,1.1370121104525404,1.3,12,307.58
2024-12-27,37,70,52,59,58,662,12,2394,3189,26,65,684.0,0.9442784033837013,1.3,12,889.2
2024-12-28,91,72,53,73,71,516,39,42264,1390,29,89,343.0,1.003145908469767,1.3,12,445.90000000000003
2024-12-29,88,53,22,97,92,510,319,47838,3151,68,93,696.4,1.0294234821562034,1.3,12,905.32
2024-12-30,81,56,15,81,85,950,67,17901,3586,22,96,780.0,1.1104153661742242,1.3,12,1014.0
2024-12-31,67,75,19,78,91,480,111,12622,1873,71,95,437.6,0.8840883219197537,1.3,12,568.88
