date,product_category,avg_price,price_min,price_max,total_sellers,avg_sold_per_seller,estimated_total_volume,estimated_market_revenue,seasonal_factor,price_competitiveness,platform,market_trend
2023-01-01,bánh sinh nhật,506000.0,155000.0,857000.0,300,210,63016,31871060489,1.2,0.79,ecommerce_simulation,growing
2023-01-01,bánh mì sandwich,17000.0,8000.0,25000.0,267,242,64545,1082791360,1.0,0.98,ecommerce_simulation,stable
2023-01-01,bánh quy handmade,78000.0,30000.0,127000.0,242,109,26409,2069852035,1.3,0.93,ecommerce_simulation,growing
2023-01-01,bánh tart,104000.0,46000.0,161000.0,90,79,7148,741787862,1.1,0.85,ecommerce_simulation,growing
2023-01-01,bánh donut,35000.0,16000.0,53000.0,77,141,10857,375654128,1.0,0.67,ecommerce_simulation,stable
2023-01-01,mix bánh,179000.0,75000.0,283000.0,251,41,10245,1830219107,1.2,0.69,ecommerce_simulation,growing
2023-01-08,bánh sinh nhật,468000.0,144000.0,792000.0,104,261,27168,12716122457,1.2,0.77,ecommerce_simulation,growing
2023-01-08,bánh mì sandwich,16000.0,9000.0,23000.0,212,306,64770,1014971969,1.0,0.87,ecommerce_simulation,stable
2023-01-08,bánh quy handmade,71000.0,30000.0,113000.0,212,128,27123,1932575276,1.3,0.6,ecommerce_simulation,growing
2023-01-08,bánh tart,95000.0,44000.0,146000.0,77,91,7023,668769260,1.1,0.8,ecommerce_simulation,growing
2023-01-08,bánh donut,32000.0,15000.0,49000.0,249,176,43847,1393849967,1.0,0.96,ecommerce_simulation,stable
2023-01-08,mix bánh,190000.0,78000.0,302000.0,82,62,5084,967348739,1.2,0.98,ecommerce_simulation,growing
2023-01-15,bánh sinh nhật,445000.0,158000.0,732000.0,73,228,16625,7397453366,1.2,0.84,ecommerce_simulation,growing
2023-01-15,bánh mì sandwich,17000.0,8000.0,26000.0,72,299,21512,364813297,1.0,0.96,ecommerce_simulation,stable
2023-01-15,bánh quy handmade,80000.0,33000.0,128000.0,263,137,35923,2881213034,1.3,1.0,ecommerce_simulation,growing
2023-01-15,bánh tart,95000.0,42000.0,147000.0,143,67,9609,910524261,1.1,0.69,ecommerce_simulation,growing
2023-01-15,bánh donut,29000.0,14000.0,45000.0,174,238,41374,1216797056,1.0,0.92,ecommerce_simulation,stable
2023-01-15,mix bánh,180000.0,85000.0,276000.0,149,58,8602,1550333342,1.2,0.91,ecommerce_simulation,growing
2023-01-22,bánh sinh nhật,482000.0,152000.0,812000.0,294,237,69771,33614083034,1.2,0.7,ecommerce_simulation,growing
2023-01-22,bánh mì sandwich,17000.0,7000.0,26000.0,287,356,102073,1695105208,1.0,0.96,ecommerce_simulation,stable
2023-01-22,bánh quy handmade,78000.0,32000.0,124000.0,286,137,39120,3064062872,1.3,0.65,ecommerce_simulation,growing
2023-01-22,bánh tart,97000.0,47000.0,147000.0,104,59,6090,591289217,1.1,0.94,ecommerce_simulation,growing
2023-01-22,bánh donut,30000.0,14000.0,46000.0,176,210,36941,1111419331,1.0,0.95,ecommerce_simulation,stable
2023-01-22,mix bánh,181000.0,73000.0,290000.0,295,51,15028,2725346578,1.2,0.93,ecommerce_simulation,growing
2023-01-29,bánh sinh nhật,474000.0,138000.0,811000.0,292,161,47154,22363178680,1.2,0.76,ecommerce_simulation,growing
2023-01-29,bánh mì sandwich,16000.0,8000.0,24000.0,193,251,48349,796834541,1.0,0.8,ecommerce_simulation,stable
2023-01-29,bánh quy handmade,77000.0,27000.0,128000.0,188,121,22757,1759475453,1.3,0.84,ecommerce_simulation,growing
2023-01-29,bánh tart,94000.0,46000.0,143000.0,279,88,24605,2321456210,1.1,0.88,ecommerce_simulation,growing
2023-01-29,bánh donut,30000.0,16000.0,45000.0,141,171,24093,733791438,1.0,0.85,ecommerce_simulation,stable
2023-01-29,mix bánh,191000.0,74000.0,308000.0,83,71,5862,1119712093,1.2,0.8,ecommerce_simulation,growing
2023-02-05,bánh sinh nhật,460000.0,138000.0,782000.0,149,286,42541,19567247012,1.4,0.94,ecommerce_simulation,growing
2023-02-05,bánh mì sandwich,18000.0,9000.0,26000.0,117,259,30349,533476272,1.0,0.89,ecommerce_simulation,stable
2023-02-05,bánh quy handmade,78000.0,33000.0,123000.0,166,114,19004,1483663587,1.2,0.83,ecommerce_simulation,growing
2023-02-05,bánh tart,98000.0,44000.0,152000.0,281,93,26099,2562947229,1.3,0.67,ecommerce_simulation,growing
2023-02-05,bánh donut,34000.0,14000.0,54000.0,137,270,36922,1263635424,1.1,0.81,ecommerce_simulation,growing
2023-02-05,mix bánh,181000.0,76000.0,285000.0,89,45,4028,728528590,1.3,0.81,ecommerce_simulation,growing
2023-02-12,bánh sinh nhật,511000.0,160000.0,863000.0,250,263,65648,33570129306,1.4,0.77,ecommerce_simulation,growing
2023-02-12,bánh mì sandwich,17000.0,8000.0,26000.0,96,280,26863,453859554,1.0,0.74,ecommerce_simulation,stable
2023-02-12,bánh quy handmade,74000.0,33000.0,115000.0,210,123,25801,1908520772,1.2,0.95,ecommerce_simulation,growing
2023-02-12,bánh tart,98000.0,46000.0,150000.0,82,71,5842,570356274,1.3,0.79,ecommerce_simulation,growing
2023-02-12,bánh donut,33000.0,16000.0,50000.0,51,173,8809,287939527,1.1,0.7,ecommerce_simulation,growing
2023-02-12,mix bánh,179000.0,80000.0,278000.0,56,65,3664,656257350,1.3,0.98,ecommerce_simulation,growing
2023-02-19,bánh sinh nhật,501000.0,157000.0,845000.0,197,205,40456,20261799033,1.4,0.87,ecommerce_simulation,growing
2023-02-19,bánh mì sandwich,16000.0,8000.0,23000.0,80,320,25589,400043527,1.0,0.88,ecommerce_simulation,stable
2023-02-19,bánh quy handmade,78000.0,33000.0,123000.0,155,84,13085,1015349585,1.2,0.96,ecommerce_simulation,growing
2023-02-19,bánh tart,103000.0,42000.0,163000.0,274,107,29455,3020515054,1.3,0.63,ecommerce_simulation,growing
2023-02-19,bánh donut,32000.0,16000.0,48000.0,143,163,23281,741607906,1.1,0.89,ecommerce_simulation,growing
2023-02-19,mix bánh,189000.0,72000.0,306000.0,208,69,14309,2708675960,1.3,0.98,ecommerce_simulation,growing
2023-02-26,bánh sinh nhật,484000.0,159000.0,810000.0,182,238,43292,20962492627,1.4,0.93,ecommerce_simulation,growing
2023-02-26,bánh mì sandwich,18000.0,9000.0,26000.0,62,294,18209,321213425,1.0,0.82,ecommerce_simulation,stable
2023-02-26,bánh quy handmade,72000.0,33000.0,111000.0,119,122,14499,1042497550,1.2,0.85,ecommerce_simulation,growing
2023-02-26,bánh tart,99000.0,49000.0,150000.0,226,103,23327,2312891999,1.3,0.74,ecommerce_simulation,growing
2023-02-26,bánh donut,32000.0,14000.0,50000.0,104,262,27245,878298930,1.1,0.96,ecommerce_simulation,growing
2023-02-26,mix bánh,198000.0,86000.0,311000.0,198,63,12484,2474510111,1.3,0.94,ecommerce_simulation,growing
2023-03-05,bánh sinh nhật,487000.0,147000.0,827000.0,259,145,37566,18289408056,1.1,0.62,ecommerce_simulation,growing
2023-03-05,bánh mì sandwich,17000.0,8000.0,26000.0,244,236,57503,983208122,1.0,0.73,ecommerce_simulation,stable
2023-03-05,bánh quy handmade,72000.0,31000.0,112000.0,228,82,18711,1337911751,1.0,0.99,ecommerce_simulation,stable
2023-03-05,bánh tart,104000.0,42000.0,166000.0,252,71,17962,1862533657,1.2,0.99,ecommerce_simulation,growing
2023-03-05,bánh donut,34000.0,15000.0,52000.0,116,149,17261,580654980,1.0,0.8,ecommerce_simulation,stable
2023-03-05,mix bánh,202000.0,81000.0,323000.0,67,59,3943,795795306,1.0,0.64,ecommerce_simulation,stable
2023-03-12,bánh sinh nhật,477000.0,145000.0,809000.0,202,182,36738,17512728053,1.1,0.8,ecommerce_simulation,growing
2023-03-12,bánh mì sandwich,17000.0,9000.0,25000.0,164,341,55862,947241542,1.0,0.97,ecommerce_simulation,stable
2023-03-12,bánh quy handmade,76000.0,28000.0,124000.0,258,82,21244,1608604248,1.0,0.68,ecommerce_simulation,stable
2023-03-12,bánh tart,96000.0,44000.0,148000.0,236,64,15186,1461220484,1.2,0.66,ecommerce_simulation,growing
2023-03-12,bánh donut,30000.0,15000.0,46000.0,145,245,35515,1080125914,1.0,0.85,ecommerce_simulation,stable
2023-03-12,mix bánh,178000.0,78000.0,278000.0,197,35,6938,1232587372,1.0,0.82,ecommerce_simulation,stable
2023-03-19,bánh sinh nhật,477000.0,151000.0,803000.0,211,168,35442,16899559107,1.1,0.79,ecommerce_simulation,growing
2023-03-19,bánh mì sandwich,18000.0,8000.0,27000.0,197,366,72062,1272917006,1.0,0.8,ecommerce_simulation,stable
2023-03-19,bánh quy handmade,80000.0,32000.0,127000.0,253,81,20378,1620248267,1.0,0.73,ecommerce_simulation,stable
2023-03-19,bánh tart,102000.0,41000.0,163000.0,126,80,10140,1037822671,1.2,0.6,ecommerce_simulation,growing
2023-03-19,bánh donut,33000.0,14000.0,53000.0,220,178,39129,1309217716,1.0,0.95,ecommerce_simulation,stable
2023-03-19,mix bánh,189000.0,82000.0,296000.0,216,56,12001,2267555121,1.0,0.87,ecommerce_simulation,stable
2023-03-26,bánh sinh nhật,511000.0,159000.0,862000.0,66,165,10880,5556484063,1.1,0.88,ecommerce_simulation,growing
2023-03-26,bánh mì sandwich,17000.0,8000.0,26000.0,162,294,47675,815190707,1.0,0.69,ecommerce_simulation,stable
2023-03-26,bánh quy handmade,77000.0,28000.0,125000.0,254,85,21617,1655184665,1.0,0.98,ecommerce_simulation,stable
2023-03-26,bánh tart,98000.0,45000.0,152000.0,146,88,12807,1257858973,1.2,0.67,ecommerce_simulation,growing
2023-03-26,bánh donut,31000.0,16000.0,46000.0,278,224,62264,1944506756,1.0,0.69,ecommerce_simulation,stable
2023-03-26,mix bánh,197000.0,75000.0,320000.0,78,40,3125,617122514,1.0,0.88,ecommerce_simulation,stable
2023-04-02,bánh sinh nhật,490000.0,156000.0,824000.0,207,126,26092,12792764981,1.0,0.96,ecommerce_simulation,stable
2023-04-02,bánh mì sandwich,18000.0,8000.0,28000.0,139,231,32176,576172501,1.0,0.8,ecommerce_simulation,stable
2023-04-02,bánh quy handmade,78000.0,30000.0,126000.0,139,61,8500,663555313,1.0,0.71,ecommerce_simulation,stable
2023-04-02,bánh tart,99000.0,42000.0,156000.0,283,92,26069,2583473281,1.0,0.93,ecommerce_simulation,stable
2023-04-02,bánh donut,35000.0,16000.0,54000.0,79,158,12478,435620441,1.0,0.87,ecommerce_simulation,stable
2023-04-02,mix bánh,193000.0,87000.0,299000.0,240,42,9982,1925282102,1.0,0.72,ecommerce_simulation,stable
2023-04-09,bánh sinh nhật,444000.0,156000.0,732000.0,300,209,62566,27784694170,1.0,0.81,ecommerce_simulation,stable
2023-04-09,bánh mì sandwich,16000.0,8000.0,25000.0,183,214,39178,629889950,1.0,0.76,ecommerce_simulation,stable
2023-04-09,bánh quy handmade,79000.0,28000.0,131000.0,259,64,16629,1317820650,1.0,0.63,ecommerce_simulation,stable
2023-04-09,bánh tart,97000.0,47000.0,146000.0,182,77,14037,1354973564,1.0,0.71,ecommerce_simulation,stable
2023-04-09,bánh donut,30000.0,15000.0,46000.0,171,188,32093,976699371,1.0,0.73,ecommerce_simulation,stable
2023-04-09,mix bánh,198000.0,78000.0,318000.0,67,34,2298,454286750,1.0,0.92,ecommerce_simulation,stable
2023-04-16,bánh sinh nhật,470000.0,141000.0,798000.0,71,186,13235,6214778066,1.0,0.67,ecommerce_simulation,stable
2023-04-16,bánh mì sandwich,17000.0,7000.0,26000.0,59,248,14613,241981331,1.0,0.81,ecommerce_simulation,stable
2023-04-16,bánh quy handmade,80000.0,28000.0,132000.0,157,105,16486,1320584416,1.0,0.67,ecommerce_simulation,stable
2023-04-16,bánh tart,101000.0,47000.0,154000.0,197,56,11127,1121237732,1.0,0.85,ecommerce_simulation,stable
2023-04-16,bánh donut,35000.0,16000.0,54000.0,207,166,34415,1211408976,1.0,0.73,ecommerce_simulation,stable
2023-04-16,mix bánh,192000.0,86000.0,297000.0,224,52,11717,2247544203,1.0,0.63,ecommerce_simulation,stable
2023-04-23,bánh sinh nhật,484000.0,163000.0,806000.0,50,192,9590,4645618394,1.0,0.73,ecommerce_simulation,stable
2023-04-23,bánh mì sandwich,17000.0,8000.0,26000.0,111,319,35417,601318986,1.0,0.61,ecommerce_simulation,stable
2023-04-23,bánh quy handmade,73000.0,30000.0,115000.0,265,66,17469,1270180308,1.0,0.71,ecommerce_simulation,stable
2023-04-23,bánh tart,104000.0,48000.0,161000.0,143,54,7737,805301420,1.0,0.91,ecommerce_simulation,stable
2023-04-23,bánh donut,33000.0,14000.0,51000.0,166,164,27195,884608866,1.0,0.85,ecommerce_simulation,stable
2023-04-23,mix bánh,196000.0,83000.0,309000.0,66,35,2284,447332083,1.0,0.98,ecommerce_simulation,stable
2023-04-30,bánh sinh nhật,465000.0,142000.0,788000.0,219,180,39351,18284952854,1.0,1.0,ecommerce_simulation,stable
2023-04-30,bánh mì sandwich,17000.0,9000.0,26000.0,220,231,50763,870225183,1.0,0.64,ecommerce_simulation,stable
2023-04-30,bánh quy handmade,75000.0,31000.0,120000.0,264,74,19444,1467379335,1.0,0.95,ecommerce_simulation,stable
2023-04-30,bánh tart,98000.0,41000.0,154000.0,300,95,28372,2773039520,1.0,0.82,ecommerce_simulation,stable
2023-04-30,bánh donut,32000.0,15000.0,48000.0,178,161,28669,916193647,1.0,0.65,ecommerce_simulation,stable
2023-04-30,mix bánh,176000.0,79000.0,273000.0,286,36,10365,1820864259,1.0,0.81,ecommerce_simulation,stable
2023-05-07,bánh sinh nhật,502000.0,155000.0,849000.0,194,157,30519,15322089545,1.1,0.61,ecommerce_simulation,growing
2023-05-07,bánh mì sandwich,16000.0,8000.0,25000.0,145,221,31998,521992982,1.0,0.71,ecommerce_simulation,stable
2023-05-07,bánh quy handmade,74000.0,28000.0,121000.0,102,75,7661,568975166,1.0,0.92,ecommerce_simulation,stable
2023-05-07,bánh tart,94000.0,42000.0,146000.0,145,96,13891,1304927109,1.0,0.66,ecommerce_simulation,stable
2023-05-07,bánh donut,30000.0,14000.0,46000.0,225,185,41597,1263380158,1.0,0.91,ecommerce_simulation,stable
2023-05-07,mix bánh,185000.0,74000.0,297000.0,96,42,4030,746623404,1.0,0.86,ecommerce_simulation,stable
2023-05-14,bánh sinh nhật,482000.0,163000.0,800000.0,234,149,34916,16815143349,1.1,0.87,ecommerce_simulation,growing
2023-05-14,bánh mì sandwich,16000.0,8000.0,23000.0,77,349,26906,422498316,1.0,0.93,ecommerce_simulation,stable
2023-05-14,bánh quy handmade,78000.0,28000.0,128000.0,149,96,14261,1111947960,1.0,0.6,ecommerce_simulation,stable
2023-05-14,bánh tart,98000.0,41000.0,154000.0,72,53,3793,370245469,1.0,0.6,ecommerce_simulation,stable
2023-05-14,bánh donut,30000.0,14000.0,46000.0,175,164,28700,854394823,1.0,0.98,ecommerce_simulation,stable
2023-05-14,mix bánh,189000.0,81000.0,297000.0,224,51,11419,2160696600,1.0,0.85,ecommerce_simulation,stable
2023-05-21,bánh sinh nhật,518000.0,162000.0,873000.0,116,193,22419,11602595868,1.1,0.67,ecommerce_simulation,growing
2023-05-21,bánh mì sandwich,17000.0,7000.0,27000.0,66,237,15646,267731197,1.0,0.75,ecommerce_simulation,stable
2023-05-21,bánh quy handmade,72000.0,33000.0,111000.0,178,94,16731,1200456027,1.0,0.78,ecommerce_simulation,stable
2023-05-21,bánh tart,94000.0,46000.0,142000.0,137,85,11602,1088929615,1.0,0.87,ecommerce_simulation,stable
2023-05-21,bánh donut,32000.0,15000.0,48000.0,206,228,47043,1494008481,1.0,0.9,ecommerce_simulation,stable
2023-05-21,mix bánh,184000.0,83000.0,286000.0,202,46,9365,1724537247,1.0,0.74,ecommerce_simulation,stable
2023-05-28,bánh sinh nhật,459000.0,137000.0,780000.0,223,155,34542,15848232132,1.1,0.98,ecommerce_simulation,growing
2023-05-28,bánh mì sandwich,16000.0,8000.0,25000.0,144,382,54941,883484165,1.0,0.79,ecommerce_simulation,stable
2023-05-28,bánh quy handmade,71000.0,32000.0,109000.0,116,74,8565,606600978,1.0,0.64,ecommerce_simulation,stable
2023-05-28,bánh tart,103000.0,48000.0,158000.0,107,95,10121,1042661077,1.0,0.98,ecommerce_simulation,stable
2023-05-28,bánh donut,32000.0,15000.0,49000.0,171,186,31874,1026206909,1.0,0.85,ecommerce_simulation,stable
2023-05-28,mix bánh,201000.0,77000.0,325000.0,265,35,9244,1859563119,1.0,0.94,ecommerce_simulation,stable
2023-06-04,bánh sinh nhật,478000.0,160000.0,797000.0,108,199,21473,10270420337,1.0,0.99,ecommerce_simulation,stable
2023-06-04,bánh mì sandwich,16000.0,8000.0,25000.0,90,282,25362,414625301,1.1,0.73,ecommerce_simulation,growing
2023-06-04,bánh quy handmade,73000.0,30000.0,117000.0,271,56,15072,1102546185,0.9,0.95,ecommerce_simulation,stable
2023-06-04,bánh tart,94000.0,50000.0,138000.0,90,72,6443,605655779,1.0,0.69,ecommerce_simulation,stable
2023-06-04,bánh donut,32000.0,16000.0,48000.0,101,168,16949,535484395,1.1,0.91,ecommerce_simulation,growing
2023-06-04,mix bánh,185000.0,84000.0,287000.0,116,46,5393,999671726,1.0,0.92,ecommerce_simulation,stable
2023-06-11,bánh sinh nhật,484000.0,155000.0,814000.0,164,151,24775,12001480847,1.0,0.66,ecommerce_simulation,stable
2023-06-11,bánh mì sandwich,16000.0,8000.0,24000.0,202,330,66613,1093472772,1.1,0.68,ecommerce_simulation,growing
2023-06-11,bánh quy handmade,80000.0,27000.0,133000.0,155,61,9493,761654643,0.9,0.91,ecommerce_simulation,stable
2023-06-11,bánh tart,95000.0,50000.0,139000.0,221,69,15157,1435806358,1.0,0.68,ecommerce_simulation,stable
2023-06-11,bánh donut,32000.0,14000.0,51000.0,252,156,39198,1264899976,1.1,0.79,ecommerce_simulation,growing
2023-06-11,mix bánh,186000.0,78000.0,295000.0,99,59,5888,1096761894,1.0,0.83,ecommerce_simulation,stable
2023-06-18,bánh sinh nhật,526000.0,166000.0,885000.0,291,226,65889,34630918331,1.0,0.72,ecommerce_simulation,stable
2023-06-18,bánh mì sandwich,17000.0,9000.0,25000.0,131,383,50195,841537094,1.1,0.79,ecommerce_simulation,growing
2023-06-18,bánh quy handmade,70000.0,30000.0,111000.0,95,62,5854,412552443,0.9,0.91,ecommerce_simulation,stable
2023-06-18,bánh tart,103000.0,45000.0,162000.0,191,65,12491,1290185825,1.0,0.62,ecommerce_simulation,stable
2023-06-18,bánh donut,33000.0,16000.0,49000.0,172,214,36786,1208621686,1.1,0.85,ecommerce_simulation,growing
2023-06-18,mix bánh,195000.0,81000.0,310000.0,54,37,2016,393634310,1.0,0.87,ecommerce_simulation,stable
2023-06-25,bánh sinh nhật,484000.0,137000.0,831000.0,214,162,34685,16790815738,1.0,0.7,ecommerce_simulation,stable
2023-06-25,bánh mì sandwich,18000.0,8000.0,27000.0,220,273,60123,1056425029,1.1,0.88,ecommerce_simulation,growing
2023-06-25,bánh quy handmade,75000.0,28000.0,121000.0,281,98,27436,2052521223,0.9,0.81,ecommerce_simulation,stable
2023-06-25,bánh tart,105000.0,44000.0,167000.0,272,68,18612,1958369905,1.0,0.9,ecommerce_simulation,stable
2023-06-25,bánh donut,31000.0,15000.0,46000.0,233,209,48628,1485675287,1.1,0.65,ecommerce_simulation,growing
2023-06-25,mix bánh,185000.0,78000.0,291000.0,299,46,13658,2522345495,1.0,0.84,ecommerce_simulation,stable
2023-07-02,bánh sinh nhật,509000.0,146000.0,873000.0,279,141,39340,20039311706,0.9,0.78,ecommerce_simulation,stable
2023-07-02,bánh mì sandwich,17000.0,8000.0,25000.0,294,413,121560,2006360214,1.2,0.71,ecommerce_simulation,growing
2023-07-02,bánh quy handmade,75000.0,29000.0,122000.0,293,65,19173,1447301000,0.9,0.94,ecommerce_simulation,stable
2023-07-02,bánh tart,97000.0,49000.0,144000.0,146,94,13666,1320846163,1.0,0.64,ecommerce_simulation,stable
2023-07-02,bánh donut,35000.0,16000.0,55000.0,51,172,8758,309459765,1.2,0.8,ecommerce_simulation,growing
2023-07-02,mix bánh,202000.0,74000.0,330000.0,91,53,4839,976223937,1.0,0.88,ecommerce_simulation,stable
2023-07-09,bánh sinh nhật,468000.0,160000.0,776000.0,120,184,22112,10350071146,0.9,0.62,ecommerce_simulation,stable
2023-07-09,bánh mì sandwich,16000.0,8000.0,23000.0,260,440,114457,1798146536,1.2,0.72,ecommerce_simulation,growing
2023-07-09,bánh quy handmade,80000.0,32000.0,128000.0,136,66,8979,718394204,0.9,0.62,ecommerce_simulation,stable
2023-07-09,bánh tart,102000.0,48000.0,156000.0,182,57,10426,1061834355,1.0,0.67,ecommerce_simulation,stable
2023-07-09,bánh donut,34000.0,15000.0,52000.0,81,233,18860,637741278,1.2,0.98,ecommerce_simulation,growing
2023-07-09,mix bánh,190000.0,80000.0,301000.0,212,40,8473,1613169530,1.0,0.94,ecommerce_simulation,stable
2023-07-16,bánh sinh nhật,511000.0,166000.0,855000.0,93,122,11307,5775447166,0.9,0.61,ecommerce_simulation,stable
2023-07-16,bánh mì sandwich,17000.0,8000.0,26000.0,57,270,15373,259648573,1.2,0.84,ecommerce_simulation,growing
2023-07-16,bánh quy handmade,70000.0,28000.0,111000.0,174,78,13542,945699609,0.9,0.99,ecommerce_simulation,stable
2023-07-16,bánh tart,101000.0,46000.0,157000.0,276,96,26394,2677103638,1.0,0.81,ecommerce_simulation,stable
2023-07-16,bánh donut,33000.0,15000.0,51000.0,183,290,53138,1748901301,1.2,0.79,ecommerce_simulation,growing
2023-07-16,mix bánh,185000.0,77000.0,293000.0,171,60,10329,1911137286,1.0,0.92,ecommerce_simulation,stable
2023-07-23,bánh sinh nhật,483000.0,148000.0,817000.0,53,195,10329,4986708313,0.9,0.98,ecommerce_simulation,stable
2023-07-23,bánh mì sandwich,17000.0,7000.0,26000.0,261,423,110383,1856161255,1.2,0.63,ecommerce_simulation,growing
2023-07-23,bánh quy handmade,76000.0,32000.0,119000.0,216,89,19198,1450551126,0.9,0.67,ecommerce_simulation,stable
2023-07-23,bánh tart,102000.0,48000.0,156000.0,284,69,19710,2007176734,1.0,0.99,ecommerce_simulation,stable
2023-07-23,bánh donut,31000.0,15000.0,47000.0,299,220,65658,2024019957,1.2,0.83,ecommerce_simulation,growing
2023-07-23,mix bánh,198000.0,74000.0,323000.0,187,52,9710,1926974800,1.0,0.8,ecommerce_simulation,stable
2023-07-30,bánh sinh nhật,481000.0,160000.0,802000.0,145,147,21369,10277561519,0.9,0.63,ecommerce_simulation,stable
2023-07-30,bánh mì sandwich,18000.0,9000.0,27000.0,237,343,81382,1439781655,1.2,0.79,ecommerce_simulation,growing
2023-07-30,bánh quy handmade,77000.0,29000.0,126000.0,148,61,9006,697853128,0.9,0.95,ecommerce_simulation,stable
2023-07-30,bánh tart,98000.0,46000.0,149000.0,223,69,15424,1508200257,1.0,0.96,ecommerce_simulation,stable
2023-07-30,bánh donut,34000.0,15000.0,54000.0,204,259,52819,1816335295,1.2,0.6,ecommerce_simulation,growing
2023-07-30,mix bánh,202000.0,81000.0,323000.0,126,41,5193,1046952627,1.0,0.69,ecommerce_simulation,stable
2023-08-06,bánh sinh nhật,483000.0,167000.0,799000.0,214,143,30686,14831141775,1.0,0.98,ecommerce_simulation,stable
2023-08-06,bánh mì sandwich,17000.0,8000.0,27000.0,121,351,42459,738398081,1.1,0.63,ecommerce_simulation,growing
2023-08-06,bánh quy handmade,75000.0,29000.0,122000.0,293,77,22484,1689917750,0.9,0.65,ecommerce_simulation,stable
2023-08-06,bánh tart,92000.0,44000.0,140000.0,103,66,6844,628623512,1.0,0.63,ecommerce_simulation,stable
2023-08-06,bánh donut,30000.0,14000.0,46000.0,188,260,48931,1475963152,1.1,0.93,ecommerce_simulation,growing
2023-08-06,mix bánh,206000.0,87000.0,325000.0,294,39,11451,2359160677,1.0,0.76,ecommerce_simulation,stable
2023-08-13,bánh sinh nhật,461000.0,145000.0,778000.0,71,124,8825,4070689137,1.0,0.94,ecommerce_simulation,stable
2023-08-13,bánh mì sandwich,17000.0,8000.0,26000.0,80,346,27658,469732292,1.1,0.79,ecommerce_simulation,growing
2023-08-13,bánh quy handmade,76000.0,29000.0,123000.0,149,71,10600,803915857,0.9,0.94,ecommerce_simulation,stable
2023-08-13,bánh tart,99000.0,48000.0,150000.0,258,61,15727,1558712480,1.0,0.85,ecommerce_simulation,stable
2023-08-13,bánh donut,33000.0,15000.0,52000.0,101,149,15068,504528101,1.1,0.96,ecommerce_simulation,growing
2023-08-13,mix bánh,181000.0,86000.0,276000.0,129,54,7001,1266634053,1.0,0.98,ecommerce_simulation,stable
2023-08-20,bánh sinh nhật,443000.0,139000.0,747000.0,246,204,50215,22247258909,1.0,0.98,ecommerce_simulation,stable
2023-08-20,bánh mì sandwich,18000.0,8000.0,27000.0,284,386,109725,1952056437,1.1,0.98,ecommerce_simulation,growing
2023-08-20,bánh quy handmade,80000.0,31000.0,130000.0,101,72,7297,585160897,0.9,0.96,ecommerce_simulation,stable
2023-08-20,bánh tart,98000.0,49000.0,148000.0,281,80,22543,2214488078,1.0,0.82,ecommerce_simulation,stable
2023-08-20,bánh donut,33000.0,17000.0,50000.0,239,251,59994,2005239785,1.1,0.88,ecommerce_simulation,growing
2023-08-20,mix bánh,177000.0,75000.0,279000.0,191,41,7751,1369643186,1.0,0.68,ecommerce_simulation,stable
2023-08-27,bánh sinh nhật,460000.0,142000.0,777000.0,158,194,30728,14125330545,1.0,0.83,ecommerce_simulation,stable
2023-08-27,bánh mì sandwich,18000.0,9000.0,27000.0,175,237,41469,745281030,1.1,0.95,ecommerce_simulation,growing
2023-08-27,bánh quy handmade,80000.0,29000.0,131000.0,176,88,15472,1234437891,0.9,0.78,ecommerce_simulation,stable
2023-08-27,bánh tart,104000.0,48000.0,160000.0,165,75,12402,1291860174,1.0,0.99,ecommerce_simulation,stable
2023-08-27,bánh donut,31000.0,15000.0,47000.0,244,269,65697,2046586868,1.1,0.88,ecommerce_simulation,growing
2023-08-27,mix bánh,205000.0,86000.0,324000.0,88,61,5379,1101736017,1.0,0.69,ecommerce_simulation,stable
2023-09-03,bánh sinh nhật,523000.0,150000.0,896000.0,223,175,38956,20391228217,1.3,0.89,ecommerce_simulation,growing
2023-09-03,bánh mì sandwich,16000.0,9000.0,24000.0,70,252,17636,289134171,1.0,0.97,ecommerce_simulation,stable
2023-09-03,bánh quy handmade,80000.0,33000.0,126000.0,202,106,21425,1704904294,1.1,0.75,ecommerce_simulation,growing
2023-09-03,bánh tart,100000.0,42000.0,158000.0,296,69,20567,2061017347,1.1,0.68,ecommerce_simulation,growing
2023-09-03,bánh donut,33000.0,16000.0,50000.0,78,164,12824,426039324,1.0,0.9,ecommerce_simulation,stable
2023-09-03,mix bánh,182000.0,88000.0,277000.0,105,53,5518,1005779053,1.2,0.96,ecommerce_simulation,growing
2023-09-10,bánh sinh nhật,478000.0,160000.0,795000.0,187,292,54599,26077155150,1.3,0.7,ecommerce_simulation,growing
2023-09-10,bánh mì sandwich,16000.0,8000.0,24000.0,142,302,42824,682242773,1.0,0.8,ecommerce_simulation,stable
2023-09-10,bánh quy handmade,80000.0,33000.0,128000.0,189,114,21512,1727913670,1.1,0.81,ecommerce_simulation,growing
2023-09-10,bánh tart,95000.0,49000.0,141000.0,257,68,17454,1655610067,1.1,0.71,ecommerce_simulation,growing
2023-09-10,bánh donut,35000.0,14000.0,56000.0,58,153,8900,310900155,1.0,0.95,ecommerce_simulation,stable
2023-09-10,mix bánh,202000.0,83000.0,322000.0,196,51,10066,2035129587,1.2,0.65,ecommerce_simulation,growing
2023-09-17,bánh sinh nhật,517000.0,148000.0,886000.0,155,205,31738,16410658056,1.3,0.74,ecommerce_simulation,growing
2023-09-17,bánh mì sandwich,17000.0,8000.0,26000.0,56,297,16630,282300577,1.0,0.79,ecommerce_simulation,stable
2023-09-17,bánh quy handmade,77000.0,29000.0,125000.0,151,91,13718,1057387159,1.1,0.82,ecommerce_simulation,growing
2023-09-17,bánh tart,105000.0,47000.0,163000.0,171,74,12709,1336818460,1.1,0.88,ecommerce_simulation,growing
2023-09-17,bánh donut,32000.0,15000.0,49000.0,103,172,17665,568022007,1.0,0.71,ecommerce_simulation,stable
2023-09-17,mix bánh,181000.0,75000.0,287000.0,95,43,4124,744670177,1.2,0.75,ecommerce_simulation,growing
2023-09-24,bánh sinh nhật,505000.0,168000.0,842000.0,184,191,35221,17794232881,1.3,0.86,ecommerce_simulation,growing
2023-09-24,bánh mì sandwich,17000.0,8000.0,26000.0,198,309,61252,1041851519,1.0,0.84,ecommerce_simulation,stable
2023-09-24,bánh quy handmade,82000.0,30000.0,134000.0,145,82,11960,983207863,1.1,0.96,ecommerce_simulation,growing
2023-09-24,bánh tart,95000.0,48000.0,142000.0,112,71,7966,755911130,1.1,0.93,ecommerce_simulation,growing
2023-09-24,bánh donut,31000.0,14000.0,48000.0,284,143,40514,1264845834,1.0,0.6,ecommerce_simulation,stable
2023-09-24,mix bánh,182000.0,83000.0,281000.0,160,59,9509,1732918936,1.2,0.78,ecommerce_simulation,growing
2023-10-01,bánh sinh nhật,533000.0,168000.0,898000.0,94,167,15675,8358675712,1.2,0.96,ecommerce_simulation,growing
2023-10-01,bánh mì sandwich,18000.0,9000.0,28000.0,63,346,21772,398391875,1.0,0.89,ecommerce_simulation,stable
2023-10-01,bánh quy handmade,75000.0,34000.0,115000.0,124,77,9594,714865621,1.2,0.97,ecommerce_simulation,growing
2023-10-01,bánh tart,107000.0,46000.0,167000.0,78,66,5169,551537947,1.1,0.81,ecommerce_simulation,growing
2023-10-01,bánh donut,34000.0,16000.0,52000.0,165,253,41672,1416932560,1.1,0.66,ecommerce_simulation,growing
2023-10-01,mix bánh,186000.0,77000.0,295000.0,93,51,4764,886085120,1.1,0.78,ecommerce_simulation,growing
2023-10-08,bánh sinh nhật,460000.0,168000.0,752000.0,68,272,18512,8517612761,1.2,0.64,ecommerce_simulation,growing
2023-10-08,bánh mì sandwich,16000.0,8000.0,25000.0,153,350,53619,870891882,1.0,0.85,ecommerce_simulation,stable
2023-10-08,bánh quy handmade,71000.0,28000.0,114000.0,53,91,4849,342941478,1.2,0.79,ecommerce_simulation,growing
2023-10-08,bánh tart,106000.0,50000.0,162000.0,204,82,16711,1775981310,1.1,0.63,ecommerce_simulation,growing
2023-10-08,bánh donut,31000.0,15000.0,47000.0,188,168,31671,984553361,1.1,0.84,ecommerce_simulation,growing
2023-10-08,mix bánh,184000.0,89000.0,279000.0,255,65,16545,3047246156,1.1,0.8,ecommerce_simulation,growing
2023-10-15,bánh sinh nhật,519000.0,164000.0,874000.0,158,244,38481,19977410949,1.2,0.75,ecommerce_simulation,growing
2023-10-15,bánh mì sandwich,16000.0,8000.0,24000.0,203,316,64102,1044719554,1.0,0.92,ecommerce_simulation,stable
2023-10-15,bánh quy handmade,82000.0,30000.0,134000.0,208,117,24393,1999480853,1.2,0.75,ecommerce_simulation,growing
2023-10-15,bánh tart,97000.0,43000.0,152000.0,61,65,3941,383737162,1.1,0.78,ecommerce_simulation,growing
2023-10-15,bánh donut,32000.0,15000.0,49000.0,198,228,45104,1438231140,1.1,0.67,ecommerce_simulation,growing
2023-10-15,mix bánh,184000.0,83000.0,284000.0,143,52,7497,1376936389,1.1,0.89,ecommerce_simulation,growing
2023-10-22,bánh sinh nhật,527000.0,163000.0,891000.0,273,187,51081,26912353268,1.2,0.93,ecommerce_simulation,growing
2023-10-22,bánh mì sandwich,16000.0,8000.0,25000.0,54,356,19218,316353007,1.0,0.94,ecommerce_simulation,stable
2023-10-22,bánh quy handmade,74000.0,32000.0,116000.0,265,127,33536,2473414585,1.2,0.79,ecommerce_simulation,growing
2023-10-22,bánh tart,101000.0,48000.0,153000.0,297,101,30060,3027354922,1.1,0.67,ecommerce_simulation,growing
2023-10-22,bánh donut,31000.0,15000.0,46000.0,96,272,26080,798970834,1.1,0.86,ecommerce_simulation,growing
2023-10-22,mix bánh,209000.0,84000.0,333000.0,291,39,11321,2365159137,1.1,0.85,ecommerce_simulation,growing
2023-10-29,bánh sinh nhật,502000.0,167000.0,838000.0,211,181,38132,19154743604,1.2,0.66,ecommerce_simulation,growing
2023-10-29,bánh mì sandwich,17000.0,9000.0,25000.0,60,353,21187,360986734,1.0,1.0,ecommerce_simulation,stable
2023-10-29,bánh quy handmade,78000.0,30000.0,125000.0,69,122,8428,653592783,1.2,0.71,ecommerce_simulation,growing
2023-10-29,bánh tart,96000.0,49000.0,143000.0,178,76,13504,1296123725,1.1,0.77,ecommerce_simulation,growing
2023-10-29,bánh donut,34000.0,14000.0,53000.0,105,183,19213,648698746,1.1,0.68,ecommerce_simulation,growing
2023-10-29,mix bánh,205000.0,78000.0,331000.0,121,62,7485,1531620228,1.1,0.65,ecommerce_simulation,growing
2023-11-05,bánh sinh nhật,506000.0,144000.0,868000.0,243,173,42020,21256339971,1.1,0.85,ecommerce_simulation,growing
2023-11-05,bánh mì sandwich,18000.0,9000.0,27000.0,249,212,52761,931392998,1.0,1.0,ecommerce_simulation,stable
2023-11-05,bánh quy handmade,79000.0,34000.0,125000.0,203,113,22962,1818010022,1.3,0.84,ecommerce_simulation,growing
2023-11-05,bánh tart,94000.0,47000.0,141000.0,271,95,25720,2417688471,1.2,0.86,ecommerce_simulation,growing
2023-11-05,bánh donut,31000.0,15000.0,46000.0,262,197,51735,1594595449,1.0,0.82,ecommerce_simulation,stable
2023-11-05,mix bánh,197000.0,75000.0,319000.0,200,65,12924,2545964578,1.2,0.95,ecommerce_simulation,growing
2023-11-12,bánh sinh nhật,511000.0,141000.0,881000.0,97,223,21617,11043468491,1.1,0.93,ecommerce_simulation,growing
2023-11-12,bánh mì sandwich,17000.0,9000.0,24000.0,297,378,112213,1868238383,1.0,0.64,ecommerce_simulation,stable
2023-11-12,bánh quy handmade,74000.0,28000.0,119000.0,128,88,11245,826930967,1.3,0.88,ecommerce_simulation,growing
2023-11-12,bánh tart,98000.0,42000.0,155000.0,83,85,7087,696582058,1.2,0.62,ecommerce_simulation,growing
2023-11-12,bánh donut,35000.0,15000.0,55000.0,120,174,20937,731117857,1.0,0.93,ecommerce_simulation,stable
2023-11-12,mix bánh,206000.0,83000.0,329000.0,187,73,13698,2823286850,1.2,0.73,ecommerce_simulation,growing
2023-11-19,bánh sinh nhật,496000.0,148000.0,843000.0,159,216,34370,17030826234,1.1,0.6,ecommerce_simulation,growing
2023-11-19,bánh mì sandwich,16000.0,9000.0,23000.0,247,222,54764,871161291,1.0,0.98,ecommerce_simulation,stable
2023-11-19,bánh quy handmade,75000.0,34000.0,116000.0,226,112,25378,1899314195,1.3,0.84,ecommerce_simulation,growing
2023-11-19,bánh tart,95000.0,49000.0,140000.0,170,108,18396,1739243092,1.2,0.72,ecommerce_simulation,growing
2023-11-19,bánh donut,34000.0,15000.0,53000.0,173,166,28796,975669212,1.0,0.69,ecommerce_simulation,stable
2023-11-19,mix bánh,194000.0,82000.0,305000.0,83,67,5549,1075172432,1.2,0.94,ecommerce_simulation,growing
2023-11-26,bánh sinh nhật,479000.0,143000.0,815000.0,150,212,31828,15245014439,1.1,0.83,ecommerce_simulation,growing
2023-11-26,bánh mì sandwich,15000.0,8000.0,23000.0,62,233,14435,222188978,1.0,0.95,ecommerce_simulation,stable
2023-11-26,bánh quy handmade,76000.0,28000.0,124000.0,87,79,6901,524170041,1.3,0.77,ecommerce_simulation,growing
2023-11-26,bánh tart,91000.0,42000.0,141000.0,141,101,14305,1305054193,1.2,0.99,ecommerce_simulation,growing
2023-11-26,bánh donut,33000.0,14000.0,51000.0,175,155,27189,886797490,1.0,0.75,ecommerce_simulation,stable
2023-11-26,mix bánh,184000.0,88000.0,279000.0,194,50,9730,1786564685,1.2,0.66,ecommerce_simulation,growing
2023-12-03,bánh sinh nhật,463000.0,163000.0,763000.0,199,312,62168,28789301682,1.5,0.76,ecommerce_simulation,growing
2023-12-03,bánh mì sandwich,16000.0,9000.0,23000.0,99,255,25263,407556150,1.0,0.68,ecommerce_simulation,stable
2023-12-03,bánh quy handmade,73000.0,28000.0,118000.0,237,144,34047,2497836752,1.4,0.77,ecommerce_simulation,growing
2023-12-03,bánh tart,102000.0,44000.0,161000.0,136,104,14126,1444226249,1.2,0.72,ecommerce_simulation,growing
2023-12-03,bánh donut,34000.0,14000.0,54000.0,270,157,42327,1443712776,1.1,0.69,ecommerce_simulation,growing
2023-12-03,mix bánh,178000.0,75000.0,281000.0,229,57,12986,2311302527,1.4,0.97,ecommerce_simulation,growing
2023-12-10,bánh sinh nhật,506000.0,142000.0,870000.0,267,264,70541,35683310807,1.5,0.68,ecommerce_simulation,growing
2023-12-10,bánh mì sandwich,16000.0,8000.0,25000.0,101,243,24592,401953765,1.0,0.61,ecommerce_simulation,stable
2023-12-10,bánh quy handmade,84000.0,34000.0,133000.0,113,153,17286,1443525120,1.4,0.73,ecommerce_simulation,growing
2023-12-10,bánh tart,104000.0,44000.0,165000.0,134,113,15198,1587827496,1.2,0.83,ecommerce_simulation,growing
2023-12-10,bánh donut,34000.0,15000.0,53000.0,93,250,23218,783293643,1.1,0.7,ecommerce_simulation,growing
2023-12-10,mix bánh,193000.0,81000.0,304000.0,70,71,4954,953700903,1.4,0.82,ecommerce_simulation,growing
2023-12-17,bánh sinh nhật,488000.0,163000.0,813000.0,252,311,78275,38168170548,1.5,0.64,ecommerce_simulation,growing
2023-12-17,bánh mì sandwich,16000.0,9000.0,23000.0,185,318,58757,946577787,1.0,0.64,ecommerce_simulation,stable
2023-12-17,bánh quy handmade,72000.0,30000.0,114000.0,139,138,19238,1377955093,1.4,0.66,ecommerce_simulation,growing
2023-12-17,bánh tart,100000.0,44000.0,156000.0,233,97,22490,2248919360,1.2,0.91,ecommerce_simulation,growing
2023-12-17,bánh donut,35000.0,16000.0,54000.0,80,149,11917,418085737,1.1,0.89,ecommerce_simulation,growing
2023-12-17,mix bánh,194000.0,90000.0,298000.0,241,83,19969,3878932164,1.4,0.66,ecommerce_simulation,growing
2023-12-24,bánh sinh nhật,447000.0,143000.0,751000.0,82,330,27070,12097024037,1.5,0.98,ecommerce_simulation,growing
2023-12-24,bánh mì sandwich,17000.0,9000.0,25000.0,288,212,61018,1025060351,1.0,0.8,ecommerce_simulation,stable
2023-12-24,bánh quy handmade,82000.0,32000.0,132000.0,89,86,7649,627009997,1.4,0.65,ecommerce_simulation,growing
2023-12-24,bánh tart,94000.0,49000.0,139000.0,66,92,6041,569235492,1.2,0.75,ecommerce_simulation,growing
2023-12-24,bánh donut,32000.0,15000.0,49000.0,115,180,20738,661228757,1.1,0.7,ecommerce_simulation,growing
2023-12-24,mix bánh,196000.0,85000.0,307000.0,90,52,4697,922610342,1.4,0.73,ecommerce_simulation,growing
2023-12-31,bánh sinh nhật,515000.0,169000.0,861000.0,175,199,34895,17962029578,1.5,0.8,ecommerce_simulation,growing
2023-12-31,bánh mì sandwich,17000.0,8000.0,25000.0,161,352,56612,940573203,1.0,0.73,ecommerce_simulation,stable
2023-12-31,bánh quy handmade,75000.0,30000.0,119000.0,198,130,25720,1926262522,1.4,0.9,ecommerce_simulation,growing
2023-12-31,bánh tart,97000.0,48000.0,145000.0,166,86,14338,1384765753,1.2,0.89,ecommerce_simulation,growing
2023-12-31,bánh donut,32000.0,15000.0,49000.0,194,206,40049,1270938403,1.1,0.62,ecommerce_simulation,growing
2023-12-31,mix bánh,203000.0,83000.0,323000.0,147,73,10753,2186471943,1.4,0.93,ecommerce_simulation,growing
2024-01-07,bánh sinh nhật,504000.0,147000.0,861000.0,236,247,58392,29411434545,1.2,0.75,ecommerce_simulation,growing
2024-01-07,bánh mì sandwich,18000.0,8000.0,27000.0,172,221,38021,678996958,1.0,0.68,ecommerce_simulation,stable
2024-01-07,bánh quy handmade,78000.0,31000.0,126000.0,244,94,23033,1805649833,1.3,0.86,ecommerce_simulation,growing
2024-01-07,bánh tart,93000.0,44000.0,142000.0,240,106,25531,2375255452,1.1,0.77,ecommerce_simulation,growing
2024-01-07,bánh donut,32000.0,17000.0,48000.0,200,158,31683,1028630533,1.0,0.66,ecommerce_simulation,stable
2024-01-07,mix bánh,202000.0,83000.0,321000.0,263,59,15475,3125699019,1.2,0.76,ecommerce_simulation,growing
2024-01-14,bánh sinh nhật,511000.0,167000.0,855000.0,233,237,55243,28245077215,1.2,0.95,ecommerce_simulation,growing
2024-01-14,bánh mì sandwich,17000.0,8000.0,27000.0,209,381,79578,1391469209,1.0,0.97,ecommerce_simulation,stable
2024-01-14,bánh quy handmade,77000.0,30000.0,124000.0,255,121,30827,2364740853,1.3,0.71,ecommerce_simulation,growing
2024-01-14,bánh tart,97000.0,42000.0,152000.0,199,91,18128,1765926266,1.1,0.76,ecommerce_simulation,growing
2024-01-14,bánh donut,35000.0,16000.0,54000.0,262,143,37504,1310863573,1.0,0.73,ecommerce_simulation,stable
2024-01-14,mix bánh,209000.0,81000.0,338000.0,255,51,12965,2715866957,1.2,0.66,ecommerce_simulation,growing
2024-01-21,bánh sinh nhật,486000.0,155000.0,817000.0,255,214,54590,26527438490,1.2,0.7,ecommerce_simulation,growing
2024-01-21,bánh mì sandwich,17000.0,8000.0,27000.0,185,320,59170,1034394719,1.0,0.7,ecommerce_simulation,stable
2024-01-21,bánh quy handmade,72000.0,30000.0,115000.0,295,128,37839,2735660979,1.3,0.88,ecommerce_simulation,growing
2024-01-21,bánh tart,93000.0,45000.0,142000.0,245,69,16997,1588880997,1.1,0.82,ecommerce_simulation,growing
2024-01-21,bánh donut,33000.0,15000.0,51000.0,240,157,37685,1245574011,1.0,0.8,ecommerce_simulation,stable
2024-01-21,mix bánh,195000.0,88000.0,302000.0,232,42,9821,1916014991,1.2,0.85,ecommerce_simulation,growing
2024-01-28,bánh sinh nhật,523000.0,145000.0,901000.0,262,152,39914,20876799680,1.2,0.87,ecommerce_simulation,growing
2024-01-28,bánh mì sandwich,16000.0,8000.0,24000.0,252,320,80694,1278566430,1.0,0.71,ecommerce_simulation,stable
2024-01-28,bánh quy handmade,80000.0,31000.0,129000.0,274,125,34354,2762717796,1.3,0.74,ecommerce_simulation,growing
2024-01-28,bánh tart,103000.0,47000.0,159000.0,297,95,28342,2913217755,1.1,0.76,ecommerce_simulation,growing
2024-01-28,bánh donut,33000.0,16000.0,50000.0,261,226,58909,1959385769,1.0,0.92,ecommerce_simulation,stable
2024-01-28,mix bánh,213000.0,87000.0,338000.0,55,65,3584,762926399,1.2,0.8,ecommerce_simulation,growing
2024-02-04,bánh sinh nhật,522000.0,157000.0,886000.0,109,302,32965,17194446900,1.4,0.86,ecommerce_simulation,growing
2024-02-04,bánh mì sandwich,17000.0,8000.0,25000.0,287,214,61313,1026347954,1.0,0.92,ecommerce_simulation,stable
2024-02-04,bánh quy handmade,78000.0,32000.0,124000.0,219,104,22762,1777850840,1.2,0.72,ecommerce_simulation,growing
2024-02-04,bánh tart,97000.0,46000.0,148000.0,287,94,26915,2612471846,1.3,0.8,ecommerce_simulation,growing
2024-02-04,bánh donut,32000.0,16000.0,49000.0,171,266,45449,1458054430,1.1,0.87,ecommerce_simulation,growing
2024-02-04,mix bánh,184000.0,86000.0,282000.0,300,70,21065,3879555065,1.3,0.66,ecommerce_simulation,growing
2024-02-11,bánh sinh nhật,502000.0,145000.0,858000.0,273,202,55097,27633295585,1.4,0.61,ecommerce_simulation,growing
2024-02-11,bánh mì sandwich,17000.0,8000.0,27000.0,256,382,97746,1709119776,1.0,0.97,ecommerce_simulation,stable
2024-02-11,bánh quy handmade,76000.0,34000.0,118000.0,77,125,9623,730859438,1.2,0.65,ecommerce_simulation,growing
2024-02-11,bánh tart,93000.0,43000.0,142000.0,294,77,22571,2094075014,1.3,0.64,ecommerce_simulation,growing
2024-02-11,bánh donut,37000.0,17000.0,56000.0,51,270,13746,502003575,1.1,0.61,ecommerce_simulation,growing
2024-02-11,mix bánh,197000.0,86000.0,309000.0,274,77,20985,4141750192,1.3,0.6,ecommerce_simulation,growing
2024-02-18,bánh sinh nhật,491000.0,151000.0,831000.0,193,219,42329,20781642526,1.4,0.75,ecommerce_simulation,growing
2024-02-18,bánh mì sandwich,18000.0,8000.0,28000.0,179,356,63654,1119182436,1.0,0.97,ecommerce_simulation,stable
2024-02-18,bánh quy handmade,85000.0,33000.0,136000.0,142,129,18260,1551247821,1.2,0.66,ecommerce_simulation,growing
2024-02-18,bánh tart,101000.0,47000.0,154000.0,284,79,22502,2262794508,1.3,0.93,ecommerce_simulation,growing
2024-02-18,bánh donut,32000.0,16000.0,48000.0,123,257,31630,1008105955,1.1,0.63,ecommerce_simulation,growing
2024-02-18,mix bánh,208000.0,88000.0,328000.0,64,55,3545,735921793,1.3,0.9,ecommerce_simulation,growing
2024-02-25,bánh sinh nhật,456000.0,151000.0,760000.0,268,271,72749,33145262016,1.4,0.78,ecommerce_simulation,growing
2024-02-25,bánh mì sandwich,18000.0,9000.0,27000.0,104,270,28053,498110204,1.0,0.77,ecommerce_simulation,stable
2024-02-25,bánh quy handmade,71000.0,30000.0,113000.0,151,88,13324,948360613,1.2,0.97,ecommerce_simulation,growing
2024-02-25,bánh tart,108000.0,50000.0,165000.0,260,105,27307,2940726514,1.3,0.86,ecommerce_simulation,growing
2024-02-25,bánh donut,34000.0,17000.0,52000.0,86,255,21946,754428005,1.1,0.87,ecommerce_simulation,growing
2024-02-25,mix bánh,204000.0,85000.0,322000.0,268,79,21248,4328896632,1.3,0.69,ecommerce_simulation,growing
2024-03-03,bánh sinh nhật,465000.0,146000.0,784000.0,93,167,15491,7204490287,1.1,0.6,ecommerce_simulation,growing
2024-03-03,bánh mì sandwich,16000.0,8000.0,25000.0,88,343,30194,495598956,1.0,0.68,ecommerce_simulation,stable
2024-03-03,bánh quy handmade,79000.0,32000.0,126000.0,129,82,10580,834056903,1.0,0.81,ecommerce_simulation,stable
2024-03-03,bánh tart,95000.0,47000.0,143000.0,118,108,12759,1213705782,1.2,0.76,ecommerce_simulation,growing
2024-03-03,bánh donut,33000.0,16000.0,50000.0,237,194,46019,1508711498,1.0,0.99,ecommerce_simulation,stable
2024-03-03,mix bánh,197000.0,88000.0,306000.0,123,46,5604,1104589466,1.0,0.69,ecommerce_simulation,stable
2024-03-10,bánh sinh nhật,509000.0,163000.0,855000.0,197,189,37204,18938037595,1.1,0.91,ecommerce_simulation,growing
2024-03-10,bánh mì sandwich,18000.0,9000.0,27000.0,67,378,25300,449431112,1.0,0.8,ecommerce_simulation,stable
2024-03-10,bánh quy handmade,83000.0,32000.0,134000.0,226,93,21051,1753118127,1.0,0.93,ecommerce_simulation,stable
2024-03-10,bánh tart,97000.0,48000.0,145000.0,269,80,21392,2070342051,1.2,0.92,ecommerce_simulation,growing
2024-03-10,bánh donut,35000.0,14000.0,57000.0,268,207,55370,1965392199,1.0,0.87,ecommerce_simulation,stable
2024-03-10,mix bánh,181000.0,80000.0,282000.0,217,39,8460,1532428430,1.0,0.84,ecommerce_simulation,stable
2024-03-17,bánh sinh nhật,516000.0,163000.0,870000.0,119,222,26399,13631632683,1.1,0.73,ecommerce_simulation,growing
2024-03-17,bánh mì sandwich,16000.0,8000.0,25000.0,158,249,39340,648445191,1.0,0.83,ecommerce_simulation,stable
2024-03-17,bánh quy handmade,82000.0,33000.0,131000.0,100,100,9950,815806406,1.0,0.79,ecommerce_simulation,stable
2024-03-17,bánh tart,98000.0,47000.0,150000.0,178,79,14104,1387910107,1.2,0.75,ecommerce_simulation,growing
2024-03-17,bánh donut,31000.0,15000.0,48000.0,137,245,33589,1050054317,1.0,0.66,ecommerce_simulation,stable
2024-03-17,mix bánh,183000.0,80000.0,286000.0,263,61,15965,2920916999,1.0,0.79,ecommerce_simulation,stable
2024-03-24,bánh sinh nhật,514000.0,156000.0,872000.0,175,233,40767,20944859408,1.1,0.63,ecommerce_simulation,growing
2024-03-24,bánh mì sandwich,18000.0,9000.0,27000.0,95,384,36442,645667668,1.0,0.76,ecommerce_simulation,stable
2024-03-24,bánh quy handmade,80000.0,32000.0,129000.0,106,86,9068,727837379,1.0,0.78,ecommerce_simulation,stable
2024-03-24,bánh tart,98000.0,45000.0,151000.0,68,67,4540,444910180,1.2,0.86,ecommerce_simulation,growing
2024-03-24,bánh donut,34000.0,15000.0,52000.0,116,141,16303,549643487,1.0,0.67,ecommerce_simulation,stable
2024-03-24,mix bánh,204000.0,88000.0,320000.0,178,41,7262,1482197177,1.0,0.63,ecommerce_simulation,stable
2024-03-31,bánh sinh nhật,488000.0,162000.0,813000.0,225,182,40885,19943996722,1.1,0.69,ecommerce_simulation,growing
2024-03-31,bánh mì sandwich,17000.0,8000.0,25000.0,54,370,19983,334609124,1.0,0.88,ecommerce_simulation,stable
2024-03-31,bánh quy handmade,82000.0,34000.0,131000.0,185,78,14506,1192877263,1.0,0.74,ecommerce_simulation,stable
2024-03-31,bánh tart,106000.0,48000.0,164000.0,84,110,9220,977143209,1.2,0.64,ecommerce_simulation,growing
2024-03-31,bánh donut,35000.0,15000.0,55000.0,295,241,71189,2497397027,1.0,0.92,ecommerce_simulation,stable
2024-03-31,mix bánh,196000.0,91000.0,301000.0,53,51,2694,527681855,1.0,0.75,ecommerce_simulation,stable
2024-04-07,bánh sinh nhật,497000.0,168000.0,826000.0,291,199,57955,28814404617,1.0,0.65,ecommerce_simulation,stable
2024-04-07,bánh mì sandwich,16000.0,8000.0,24000.0,242,368,89025,1445717734,1.0,0.63,ecommerce_simulation,stable
2024-04-07,bánh quy handmade,74000.0,34000.0,114000.0,298,96,28673,2124430131,1.0,0.85,ecommerce_simulation,stable
2024-04-07,bánh tart,102000.0,43000.0,162000.0,229,65,14983,1534631349,1.0,0.9,ecommerce_simulation,stable
2024-04-07,bánh donut,36000.0,16000.0,56000.0,271,232,62843,2259636663,1.0,0.8,ecommerce_simulation,stable
2024-04-07,mix bánh,184000.0,75000.0,293000.0,140,37,5241,964476472,1.0,0.74,ecommerce_simulation,stable
2024-04-14,bánh sinh nhật,455000.0,163000.0,748000.0,69,223,15386,7005178248,1.0,0.75,ecommerce_simulation,stable
2024-04-14,bánh mì sandwich,17000.0,8000.0,26000.0,83,216,17895,308048145,1.0,0.86,ecommerce_simulation,stable
2024-04-14,bánh quy handmade,83000.0,29000.0,137000.0,209,91,18969,1568319898,1.0,0.91,ecommerce_simulation,stable
2024-04-14,bánh tart,96000.0,47000.0,144000.0,190,75,14265,1368469865,1.0,0.72,ecommerce_simulation,stable
2024-04-14,bánh donut,31000.0,15000.0,48000.0,204,229,46656,1458061291,1.0,0.75,ecommerce_simulation,stable
2024-04-14,mix bánh,198000.0,80000.0,316000.0,215,60,12937,2561737470,1.0,0.78,ecommerce_simulation,stable
2024-04-21,bánh sinh nhật,511000.0,157000.0,865000.0,229,187,42921,21929879682,1.0,0.92,ecommerce_simulation,stable
2024-04-21,bánh mì sandwich,18000.0,8000.0,27000.0,149,254,37836,669402529,1.0,0.85,ecommerce_simulation,stable
2024-04-21,bánh quy handmade,79000.0,32000.0,126000.0,235,93,21800,1726551967,1.0,0.87,ecommerce_simulation,stable
2024-04-21,bánh tart,110000.0,51000.0,170000.0,252,72,18115,1997427270,1.0,0.99,ecommerce_simulation,stable
2024-04-21,bánh donut,35000.0,17000.0,53000.0,172,209,35872,1261489546,1.0,0.93,ecommerce_simulation,stable
2024-04-21,mix bánh,186000.0,90000.0,281000.0,77,47,3617,671082745,1.0,0.73,ecommerce_simulation,stable
2024-04-28,bánh sinh nhật,533000.0,156000.0,910000.0,54,133,7170,3822444793,1.0,0.67,ecommerce_simulation,stable
2024-04-28,bánh mì sandwich,17000.0,9000.0,24000.0,219,355,77808,1291378331,1.0,0.69,ecommerce_simulation,stable
2024-04-28,bánh quy handmade,76000.0,29000.0,124000.0,232,71,16503,1260567648,1.0,0.61,ecommerce_simulation,stable
2024-04-28,bánh tart,101000.0,50000.0,153000.0,147,64,9479,957992379,1.0,0.79,ecommerce_simulation,stable
2024-04-28,bánh donut,33000.0,16000.0,50000.0,88,165,14524,478938456,1.0,0.85,ecommerce_simulation,stable
2024-04-28,mix bánh,209000.0,77000.0,341000.0,56,61,3441,718199606,1.0,0.87,ecommerce_simulation,stable
2024-05-05,bánh sinh nhật,512000.0,158000.0,865000.0,123,190,23427,11983120393,1.1,0.68,ecommerce_simulation,growing
2024-05-05,bánh mì sandwich,17000.0,9000.0,25000.0,167,313,52329,898314043,1.0,0.71,ecommerce_simulation,stable
2024-05-05,bánh quy handmade,81000.0,30000.0,132000.0,195,99,19301,1561990397,1.0,0.61,ecommerce_simulation,stable
2024-05-05,bánh tart,102000.0,50000.0,153000.0,146,55,8091,821821091,1.0,0.94,ecommerce_simulation,stable
2024-05-05,bánh donut,31000.0,16000.0,47000.0,250,155,38716,1215529256,1.0,0.97,ecommerce_simulation,stable
2024-05-05,mix bánh,201000.0,81000.0,321000.0,262,43,11164,2247766958,1.0,0.92,ecommerce_simulation,stable
2024-05-12,bánh sinh nhật,500000.0,165000.0,835000.0,171,191,32634,16320536532,1.1,0.93,ecommerce_simulation,growing
2024-05-12,bánh mì sandwich,17000.0,8000.0,27000.0,63,217,13656,237104270,1.0,0.83,ecommerce_simulation,stable
2024-05-12,bánh quy handmade,82000.0,33000.0,132000.0,151,61,9279,764670199,1.0,0.94,ecommerce_simulation,stable
2024-05-12,bánh tart,99000.0,44000.0,155000.0,87,64,5589,555984832,1.0,0.67,ecommerce_simulation,stable
2024-05-12,bánh donut,37000.0,16000.0,57000.0,89,166,14764,540193001,1.0,0.66,ecommerce_simulation,stable
2024-05-12,mix bánh,195000.0,86000.0,304000.0,283,56,15830,3085731980,1.0,0.86,ecommerce_simulation,stable
2024-05-19,bánh sinh nhật,489000.0,159000.0,820000.0,194,212,41155,20143148232,1.1,0.93,ecommerce_simulation,growing
2024-05-19,bánh mì sandwich,16000.0,8000.0,25000.0,234,283,66277,1090734683,1.0,0.71,ecommerce_simulation,stable
2024-05-19,bánh quy handmade,81000.0,30000.0,133000.0,114,110,12550,1021479606,1.0,0.82,ecommerce_simulation,stable
2024-05-19,bánh tart,98000.0,43000.0,153000.0,179,87,15568,1528415133,1.0,0.74,ecommerce_simulation,stable
2024-05-19,bánh donut,31000.0,14000.0,48000.0,259,214,55417,1718280526,1.0,0.81,ecommerce_simulation,stable
2024-05-19,mix bánh,200000.0,84000.0,317000.0,150,56,8420,1686059733,1.0,0.69,ecommerce_simulation,stable
2024-05-26,bánh sinh nhật,510000.0,164000.0,855000.0,227,204,46390,23646699831,1.1,0.66,ecommerce_simulation,growing
2024-05-26,bánh mì sandwich,18000.0,8000.0,28000.0,235,339,79674,1433382958,1.0,0.66,ecommerce_simulation,stable
2024-05-26,bánh quy handmade,81000.0,31000.0,131000.0,219,82,17961,1453355439,1.0,0.85,ecommerce_simulation,stable
2024-05-26,bánh tart,103000.0,49000.0,157000.0,158,84,13315,1373791947,1.0,0.72,ecommerce_simulation,stable
2024-05-26,bánh donut,32000.0,17000.0,47000.0,244,206,50157,1603951872,1.0,0.68,ecommerce_simulation,stable
2024-05-26,mix bánh,208000.0,90000.0,326000.0,267,48,12707,2648851998,1.0,0.63,ecommerce_simulation,stable
2024-06-02,bánh sinh nhật,520000.0,145000.0,895000.0,248,221,54766,28471193826,1.0,0.92,ecommerce_simulation,stable
2024-06-02,bánh mì sandwich,17000.0,9000.0,26000.0,199,388,77272,1315202747,1.1,0.85,ecommerce_simulation,growing
2024-06-02,bánh quy handmade,72000.0,29000.0,114000.0,151,65,9796,701529335,0.9,0.92,ecommerce_simulation,stable
2024-06-02,bánh tart,106000.0,48000.0,164000.0,183,81,14800,1568203505,1.0,0.8,ecommerce_simulation,stable
2024-06-02,bánh donut,34000.0,15000.0,52000.0,63,215,13534,457508047,1.1,0.61,ecommerce_simulation,growing
2024-06-02,mix bánh,190000.0,75000.0,304000.0,296,52,15521,2943286040,1.0,0.85,ecommerce_simulation,stable
2024-06-09,bánh sinh nhật,528000.0,147000.0,908000.0,127,191,24303,12824178188,1.0,0.85,ecommerce_simulation,stable
2024-06-09,bánh mì sandwich,16000.0,8000.0,24000.0,133,240,31859,499928511,1.1,0.76,ecommerce_simulation,growing
2024-06-09,bánh quy handmade,77000.0,34000.0,120000.0,113,92,10452,802893456,0.9,0.88,ecommerce_simulation,stable
2024-06-09,bánh tart,100000.0,47000.0,154000.0,265,62,16496,1656674838,1.0,0.69,ecommerce_simulation,stable
2024-06-09,bánh donut,35000.0,15000.0,54000.0,249,185,46188,1608592608,1.1,0.61,ecommerce_simulation,growing
2024-06-09,mix bánh,198000.0,78000.0,319000.0,156,44,6819,1352625114,1.0,0.9,ecommerce_simulation,stable
2024-06-16,bánh sinh nhật,525000.0,166000.0,885000.0,167,222,37102,19486632979,1.0,0.94,ecommerce_simulation,stable
2024-06-16,bánh mì sandwich,17000.0,8000.0,26000.0,140,360,50342,868615618,1.1,0.7,ecommerce_simulation,growing
2024-06-16,bánh quy handmade,75000.0,32000.0,118000.0,83,70,5848,436999909,0.9,0.85,ecommerce_simulation,stable
2024-06-16,bánh tart,105000.0,46000.0,164000.0,146,78,11335,1189806403,1.0,0.73,ecommerce_simulation,stable
2024-06-16,bánh donut,34000.0,15000.0,53000.0,205,265,54341,1836378262,1.1,0.72,ecommerce_simulation,growing
2024-06-16,mix bánh,209000.0,85000.0,333000.0,115,44,5103,1066846220,1.0,0.95,ecommerce_simulation,stable
2024-06-23,bánh sinh nhật,485000.0,145000.0,825000.0,239,200,47841,23207982347,1.0,0.83,ecommerce_simulation,stable
2024-06-23,bánh mì sandwich,17000.0,8000.0,26000.0,92,410,37724,642373981,1.1,0.64,ecommerce_simulation,growing
2024-06-23,bánh quy handmade,82000.0,30000.0,134000.0,208,86,17885,1463653034,0.9,0.63,ecommerce_simulation,stable
2024-06-23,bánh tart,98000.0,44000.0,153000.0,111,93,10329,1014085821,1.0,0.91,ecommerce_simulation,stable
2024-06-23,bánh donut,32000.0,17000.0,47000.0,161,212,34063,1090256628,1.1,0.93,ecommerce_simulation,growing
2024-06-23,mix bánh,211000.0,87000.0,334000.0,98,50,4921,1036322983,1.0,0.63,ecommerce_simulation,stable
2024-06-30,bánh sinh nhật,493000.0,148000.0,838000.0,169,151,25526,12583950889,1.0,0.99,ecommerce_simulation,stable
2024-06-30,bánh mì sandwich,18000.0,9000.0,28000.0,60,288,17299,315523026,1.1,0.96,ecommerce_simulation,growing
2024-06-30,bánh quy handmade,81000.0,34000.0,129000.0,66,66,4379,355808302,0.9,0.88,ecommerce_simulation,stable
2024-06-30,bánh tart,110000.0,52000.0,167000.0,117,57,6707,734540492,1.0,0.93,ecommerce_simulation,stable
2024-06-30,bánh donut,33000.0,16000.0,50000.0,64,201,12870,421072999,1.1,0.78,ecommerce_simulation,growing
2024-06-30,mix bánh,203000.0,78000.0,328000.0,203,44,8862,1797856520,1.0,0.77,ecommerce_simulation,stable
2024-07-07,bánh sinh nhật,491000.0,154000.0,828000.0,218,150,32736,16070960816,0.9,0.95,ecommerce_simulation,stable
2024-07-07,bánh mì sandwich,17000.0,9000.0,26000.0,240,392,94021,1644011918,1.2,0.98,ecommerce_simulation,growing
2024-07-07,bánh quy handmade,77000.0,33000.0,120000.0,151,92,13958,1070321030,0.9,0.84,ecommerce_simulation,stable
2024-07-07,bánh tart,105000.0,49000.0,162000.0,112,80,9015,949308137,1.0,0.8,ecommerce_simulation,stable
2024-07-07,bánh donut,35000.0,17000.0,53000.0,285,281,80123,2782732795,1.2,0.84,ecommerce_simulation,growing
2024-07-07,mix bánh,199000.0,86000.0,312000.0,162,44,7112,1415077576,1.0,0.91,ecommerce_simulation,stable
2024-07-14,bánh sinh nhật,491000.0,148000.0,833000.0,254,176,44687,21921473047,0.9,0.86,ecommerce_simulation,stable
2024-07-14,bánh mì sandwich,18000.0,9000.0,26000.0,208,300,62462,1098324192,1.2,0.99,ecommerce_simulation,growing
2024-07-14,bánh quy handmade,73000.0,30000.0,116000.0,157,74,11563,845938786,0.9,0.71,ecommerce_simulation,stable
2024-07-14,bánh tart,98000.0,43000.0,153000.0,272,71,19354,1899221828,1.0,0.69,ecommerce_simulation,stable
2024-07-14,bánh donut,31000.0,14000.0,48000.0,224,199,44563,1399121980,1.2,0.99,ecommerce_simulation,growing
2024-07-14,mix bánh,205000.0,81000.0,329000.0,246,56,13812,2829886061,1.0,0.62,ecommerce_simulation,stable
2024-07-21,bánh sinh nhật,476000.0,168000.0,784000.0,180,183,32986,15704784615,0.9,0.96,ecommerce_simulation,stable
2024-07-21,bánh mì sandwich,16000.0,8000.0,24000.0,109,445,48526,775763561,1.2,0.79,ecommerce_simulation,growing
2024-07-21,bánh quy handmade,81000.0,33000.0,128000.0,95,97,9259,747013197,0.9,0.79,ecommerce_simulation,stable
2024-07-21,bánh tart,99000.0,48000.0,151000.0,268,69,18463,1836685277,1.0,0.78,ecommerce_simulation,stable
2024-07-21,bánh donut,37000.0,17000.0,56000.0,59,256,15114,553406801,1.2,0.96,ecommerce_simulation,growing
2024-07-21,mix bánh,191000.0,79000.0,303000.0,273,45,12161,2323228420,1.0,0.98,ecommerce_simulation,stable
2024-07-28,bánh sinh nhật,534000.0,158000.0,911000.0,67,129,8672,4634531233,0.9,0.91,ecommerce_simulation,stable
2024-07-28,bánh mì sandwich,16000.0,8000.0,24000.0,152,342,52020,821957378,1.2,0.83,ecommerce_simulation,growing
2024-07-28,bánh quy handmade,84000.0,32000.0,135000.0,297,87,25835,2164115617,0.9,0.84,ecommerce_simulation,stable
2024-07-28,bánh tart,105000.0,52000.0,159000.0,105,68,7188,756115098,1.0,0.71,ecommerce_simulation,stable
2024-07-28,bánh donut,33000.0,14000.0,52000.0,292,241,70510,2354919019,1.2,0.73,ecommerce_simulation,growing
2024-07-28,mix bánh,192000.0,90000.0,293000.0,50,48,2416,462943747,1.0,0.61,ecommerce_simulation,stable
2024-08-04,bánh sinh nhật,477000.0,159000.0,795000.0,87,143,12466,5948414331,1.0,0.99,ecommerce_simulation,stable
2024-08-04,bánh mì sandwich,18000.0,8000.0,28000.0,73,387,28287,514833196,1.1,0.95,ecommerce_simulation,growing
2024-08-04,bánh quy handmade,74000.0,34000.0,113000.0,216,77,16559,1219538462,0.9,0.82,ecommerce_simulation,stable
2024-08-04,bánh tart,94000.0,44000.0,145000.0,249,54,13504,1275539162,1.0,0.9,ecommerce_simulation,stable
2024-08-04,bánh donut,35000.0,16000.0,55000.0,232,154,35637,1252958438,1.1,0.96,ecommerce_simulation,growing
2024-08-04,mix bánh,197000.0,76000.0,319000.0,82,48,3974,783455539,1.0,0.98,ecommerce_simulation,stable
2024-08-11,bánh sinh nhật,531000.0,170000.0,892000.0,225,194,43742,23224496484,1.0,0.72,ecommerce_simulation,stable
2024-08-11,bánh mì sandwich,19000.0,9000.0,29000.0,126,315,39636,741428006,1.1,0.76,ecommerce_simulation,growing
2024-08-11,bánh quy handmade,80000.0,34000.0,126000.0,157,76,11878,947346946,0.9,0.71,ecommerce_simulation,stable
2024-08-11,bánh tart,105000.0,47000.0,163000.0,196,56,11062,1164998592,1.0,0.85,ecommerce_simulation,stable
2024-08-11,bánh donut,33000.0,14000.0,52000.0,259,247,64071,2135135427,1.1,0.72,ecommerce_simulation,growing
2024-08-11,mix bánh,195000.0,88000.0,303000.0,257,53,13623,2661275460,1.0,0.88,ecommerce_simulation,stable
2024-08-18,bánh sinh nhật,493000.0,147000.0,839000.0,183,227,41591,20502215590,1.0,0.96,ecommerce_simulation,stable
2024-08-18,bánh mì sandwich,17000.0,8000.0,27000.0,299,408,121976,2122763416,1.1,0.68,ecommerce_simulation,growing
2024-08-18,bánh quy handmade,81000.0,34000.0,128000.0,174,89,15425,1255424123,0.9,0.89,ecommerce_simulation,stable
2024-08-18,bánh tart,102000.0,49000.0,155000.0,124,64,7935,807987934,1.0,0.81,ecommerce_simulation,stable
2024-08-18,bánh donut,35000.0,17000.0,54000.0,120,249,29852,1059586393,1.1,0.72,ecommerce_simulation,growing
2024-08-18,mix bánh,197000.0,89000.0,306000.0,296,50,14942,2949910011,1.0,0.66,ecommerce_simulation,stable
2024-08-25,bánh sinh nhật,470000.0,172000.0,769000.0,215,177,38079,17913967812,1.0,0.72,ecommerce_simulation,stable
2024-08-25,bánh mì sandwich,16000.0,8000.0,24000.0,295,291,85831,1363528400,1.1,0.94,ecommerce_simulation,growing
2024-08-25,bánh quy handmade,75000.0,33000.0,118000.0,209,84,17558,1323641513,0.9,0.69,ecommerce_simulation,stable
2024-08-25,bánh tart,98000.0,43000.0,152000.0,88,75,6598,644915204,1.0,0.86,ecommerce_simulation,stable
2024-08-25,bánh donut,34000.0,16000.0,51000.0,100,197,19655,659154094,1.1,0.81,ecommerce_simulation,growing
2024-08-25,mix bánh,201000.0,86000.0,316000.0,120,49,5870,1179880538,1.0,0.79,ecommerce_simulation,stable
2024-09-01,bánh sinh nhật,459000.0,144000.0,775000.0,153,165,25225,11583582765,1.3,0.85,ecommerce_simulation,growing
2024-09-01,bánh mì sandwich,16000.0,8000.0,25000.0,247,370,91358,1504674710,1.0,0.93,ecommerce_simulation,stable
2024-09-01,bánh quy handmade,81000.0,29000.0,133000.0,254,97,24521,1979703525,1.1,0.9,ecommerce_simulation,growing
2024-09-01,bánh tart,110000.0,47000.0,173000.0,187,91,16927,1864269405,1.1,0.87,ecommerce_simulation,growing
2024-09-01,bánh donut,36000.0,16000.0,57000.0,97,191,18499,674249410,1.0,0.9,ecommerce_simulation,stable
2024-09-01,mix bánh,188000.0,85000.0,290000.0,164,44,7282,1366067100,1.2,0.75,ecommerce_simulation,growing
2024-09-08,bánh sinh nhật,497000.0,151000.0,843000.0,158,216,34087,16950826155,1.3,0.82,ecommerce_simulation,growing
2024-09-08,bánh mì sandwich,17000.0,9000.0,25000.0,251,310,77927,1327801633,1.0,0.91,ecommerce_simulation,stable
2024-09-08,bánh quy handmade,72000.0,30000.0,114000.0,205,115,23583,1704995060,1.1,0.99,ecommerce_simulation,growing
2024-09-08,bánh tart,97000.0,52000.0,142000.0,61,94,5717,553835715,1.1,0.85,ecommerce_simulation,growing
2024-09-08,bánh donut,37000.0,16000.0,58000.0,64,141,9003,333309940,1.0,0.72,ecommerce_simulation,stable
2024-09-08,mix bánh,215000.0,91000.0,338000.0,248,72,17945,3851333360,1.2,0.67,ecommerce_simulation,growing
2024-09-15,bánh sinh nhật,524000.0,152000.0,896000.0,196,182,35733,18723439294,1.3,0.81,ecommerce_simulation,growing
2024-09-15,bánh mì sandwich,17000.0,8000.0,25000.0,184,326,59972,998605812,1.0,0.79,ecommerce_simulation,stable
2024-09-15,bánh quy handmade,77000.0,32000.0,122000.0,169,101,17003,1313724313,1.1,0.82,ecommerce_simulation,growing
2024-09-15,bánh tart,107000.0,46000.0,168000.0,260,76,19696,2106750065,1.1,0.75,ecommerce_simulation,growing
2024-09-15,bánh donut,36000.0,15000.0,58000.0,138,216,29768,1080384681,1.0,0.78,ecommerce_simulation,stable
2024-09-15,mix bánh,192000.0,89000.0,294000.0,148,40,5975,1144794370,1.2,0.81,ecommerce_simulation,growing
2024-09-22,bánh sinh nhật,503000.0,172000.0,834000.0,113,248,27969,14061818816,1.3,0.76,ecommerce_simulation,growing
2024-09-22,bánh mì sandwich,17000.0,8000.0,25000.0,249,365,90784,1511793273,1.0,0.63,ecommerce_simulation,stable
2024-09-22,bánh quy handmade,75000.0,34000.0,116000.0,86,114,9801,734818250,1.1,0.89,ecommerce_simulation,growing
2024-09-22,bánh tart,111000.0,50000.0,171000.0,254,75,19169,2124561375,1.1,0.96,ecommerce_simulation,growing
2024-09-22,bánh donut,36000.0,16000.0,57000.0,145,172,24963,906919029,1.0,0.89,ecommerce_simulation,stable
2024-09-22,mix bánh,188000.0,76000.0,300000.0,87,73,6349,1192331894,1.2,0.6,ecommerce_simulation,growing
2024-09-29,bánh sinh nhật,457000.0,146000.0,768000.0,234,278,64943,29680243433,1.3,0.64,ecommerce_simulation,growing
2024-09-29,bánh mì sandwich,17000.0,9000.0,26000.0,164,371,60860,1060462427,1.0,0.92,ecommerce_simulation,stable
2024-09-29,bánh quy handmade,86000.0,33000.0,138000.0,262,80,21060,1801007879,1.1,1.0,ecommerce_simulation,growing
2024-09-29,bánh tart,109000.0,44000.0,174000.0,218,89,19457,2116241843,1.1,0.99,ecommerce_simulation,growing
2024-09-29,bánh donut,32000.0,15000.0,50000.0,296,232,68711,2227651477,1.0,0.73,ecommerce_simulation,stable
2024-09-29,mix bánh,194000.0,78000.0,309000.0,129,60,7694,1490577890,1.2,0.66,ecommerce_simulation,growing
2024-10-06,bánh sinh nhật,523000.0,173000.0,874000.0,195,165,32136,16816126724,1.2,0.83,ecommerce_simulation,growing
2024-10-06,bánh mì sandwich,18000.0,9000.0,26000.0,292,230,67021,1173589968,1.0,0.86,ecommerce_simulation,stable
2024-10-06,bánh quy handmade,78000.0,29000.0,127000.0,294,92,27176,2124824086,1.2,0.85,ecommerce_simulation,growing
2024-10-06,bánh tart,103000.0,44000.0,163000.0,252,105,26566,2747572476,1.1,0.69,ecommerce_simulation,growing
2024-10-06,bánh donut,32000.0,15000.0,48000.0,193,154,29689,936052042,1.1,0.72,ecommerce_simulation,growing
2024-10-06,mix bánh,195000.0,90000.0,301000.0,265,55,14654,2859991464,1.1,0.76,ecommerce_simulation,growing
2024-10-13,bánh sinh nhật,522000.0,163000.0,881000.0,76,218,16569,8647037095,1.2,0.91,ecommerce_simulation,growing
2024-10-13,bánh mì sandwich,19000.0,9000.0,29000.0,296,359,106317,2015121357,1.0,1.0,ecommerce_simulation,stable
2024-10-13,bánh quy handmade,77000.0,33000.0,121000.0,107,108,11522,889076772,1.2,0.79,ecommerce_simulation,growing
2024-10-13,bánh tart,107000.0,50000.0,164000.0,117,80,9329,996313886,1.1,0.86,ecommerce_simulation,growing
2024-10-13,bánh donut,34000.0,17000.0,51000.0,297,209,62124,2117837844,1.1,0.71,ecommerce_simulation,growing
2024-10-13,mix bánh,200000.0,78000.0,321000.0,122,66,8015,1599307469,1.1,0.66,ecommerce_simulation,growing
2024-10-20,bánh sinh nhật,484000.0,158000.0,811000.0,68,236,16060,7781122052,1.2,0.9,ecommerce_simulation,growing
2024-10-20,bánh mì sandwich,16000.0,8000.0,25000.0,167,286,47696,769614037,1.0,0.81,ecommerce_simulation,stable
2024-10-20,bánh quy handmade,83000.0,31000.0,134000.0,97,100,9668,800238835,1.2,0.96,ecommerce_simulation,growing
2024-10-20,bánh tart,105000.0,50000.0,159000.0,272,95,25769,2695647894,1.1,0.96,ecommerce_simulation,growing
2024-10-20,bánh donut,33000.0,17000.0,50000.0,274,161,44079,1476019331,1.1,0.71,ecommerce_simulation,growing
2024-10-20,mix bánh,216000.0,91000.0,340000.0,151,41,6175,1331279770,1.1,0.8,ecommerce_simulation,growing
2024-10-27,bánh sinh nhật,517000.0,163000.0,870000.0,91,214,19472,10059338450,1.2,0.98,ecommerce_simulation,growing
2024-10-27,bánh mì sandwich,18000.0,9000.0,28000.0,150,240,35986,665599045,1.0,0.82,ecommerce_simulation,stable
2024-10-27,bánh quy handmade,77000.0,31000.0,123000.0,204,77,15708,1211984876,1.2,0.81,ecommerce_simulation,growing
2024-10-27,bánh tart,99000.0,48000.0,150000.0,195,84,16366,1617500646,1.1,0.91,ecommerce_simulation,growing
2024-10-27,bánh donut,35000.0,15000.0,55000.0,298,250,74396,2626589171,1.1,0.93,ecommerce_simulation,growing
2024-10-27,mix bánh,204000.0,86000.0,321000.0,56,67,3771,767704311,1.1,0.99,ecommerce_simulation,growing
2024-11-03,bánh sinh nhật,489000.0,172000.0,806000.0,143,210,29984,14673121700,1.1,0.67,ecommerce_simulation,growing
2024-11-03,bánh mì sandwich,18000.0,8000.0,28000.0,110,243,26777,480538681,1.0,0.76,ecommerce_simulation,stable
2024-11-03,bánh quy handmade,77000.0,32000.0,122000.0,112,133,14911,1145057241,1.3,0.81,ecommerce_simulation,growing
2024-11-03,bánh tart,107000.0,50000.0,165000.0,95,89,8431,905894649,1.2,0.68,ecommerce_simulation,growing
2024-11-03,bánh donut,33000.0,15000.0,51000.0,254,212,53870,1798994918,1.0,0.83,ecommerce_simulation,stable
2024-11-03,mix bánh,209000.0,80000.0,339000.0,226,71,16123,3375204708,1.2,0.67,ecommerce_simulation,growing
2024-11-10,bánh sinh nhật,473000.0,171000.0,774000.0,136,169,22921,10837637863,1.1,0.91,ecommerce_simulation,growing
2024-11-10,bánh mì sandwich,18000.0,8000.0,28000.0,136,332,45200,801796986,1.0,0.83,ecommerce_simulation,stable
2024-11-10,bánh quy handmade,77000.0,34000.0,121000.0,112,140,15654,1210509904,1.3,0.95,ecommerce_simulation,growing
2024-11-10,bánh tart,108000.0,44000.0,171000.0,283,100,28198,3040211710,1.2,0.75,ecommerce_simulation,growing
2024-11-10,bánh donut,36000.0,15000.0,57000.0,82,149,12196,438832593,1.0,0.78,ecommerce_simulation,stable
2024-11-10,mix bánh,193000.0,86000.0,301000.0,253,64,16195,3130089300,1.2,0.8,ecommerce_simulation,growing
2024-11-17,bánh sinh nhật,497000.0,173000.0,820000.0,262,239,62590,31078228816,1.1,0.68,ecommerce_simulation,growing
2024-11-17,bánh mì sandwich,16000.0,8000.0,24000.0,258,301,77611,1231071583,1.0,0.62,ecommerce_simulation,stable
2024-11-17,bánh quy handmade,80000.0,34000.0,127000.0,138,131,18069,1453052014,1.3,0.82,ecommerce_simulation,growing
2024-11-17,bánh tart,106000.0,43000.0,170000.0,53,104,5534,587990087,1.2,0.61,ecommerce_simulation,growing
2024-11-17,bánh donut,34000.0,17000.0,51000.0,123,198,24337,828747672,1.0,0.71,ecommerce_simulation,stable
2024-11-17,mix bánh,212000.0,82000.0,342000.0,158,60,9476,2010768677,1.2,0.82,ecommerce_simulation,growing
2024-11-24,bánh sinh nhật,511000.0,171000.0,851000.0,239,206,49226,25151985532,1.1,0.8,ecommerce_simulation,growing
2024-11-24,bánh mì sandwich,17000.0,9000.0,25000.0,110,360,39556,668862155,1.0,0.67,ecommerce_simulation,stable
2024-11-24,bánh quy handmade,83000.0,34000.0,131000.0,266,114,30421,2520076224,1.3,0.64,ecommerce_simulation,growing
2024-11-24,bánh tart,106000.0,46000.0,167000.0,135,74,9982,1060837848,1.2,0.82,ecommerce_simulation,growing
2024-11-24,bánh donut,35000.0,16000.0,55000.0,55,146,8016,283005171,1.0,0.89,ecommerce_simulation,stable
2024-11-24,mix bánh,210000.0,86000.0,333000.0,230,53,12220,2561805169,1.2,0.66,ecommerce_simulation,growing
2024-12-01,bánh sinh nhật,532000.0,170000.0,894000.0,275,206,56686,30158901319,1.5,0.68,ecommerce_simulation,growing
2024-12-01,bánh mì sandwich,19000.0,8000.0,29000.0,238,353,84126,1568392423,1.0,0.84,ecommerce_simulation,stable
2024-12-01,bánh quy handmade,78000.0,34000.0,122000.0,174,154,26759,2077834792,1.4,0.64,ecommerce_simulation,growing
2024-12-01,bánh tart,98000.0,50000.0,146000.0,67,112,7529,737546549,1.2,0.71,ecommerce_simulation,growing
2024-12-01,bánh donut,32000.0,15000.0,48000.0,198,218,43258,1369650128,1.1,0.74,ecommerce_simulation,growing
2024-12-01,mix bánh,201000.0,83000.0,318000.0,70,70,4881,978851436,1.4,0.76,ecommerce_simulation,growing
2024-12-08,bánh sinh nhật,512000.0,151000.0,872000.0,231,185,42638,21814767531,1.5,0.81,ecommerce_simulation,growing
2024-12-08,bánh mì sandwich,16000.0,8000.0,25000.0,193,238,45889,754931052,1.0,0.96,ecommerce_simulation,stable
2024-12-08,bánh quy handmade,76000.0,34000.0,117000.0,101,88,8918,673972133,1.4,0.72,ecommerce_simulation,growing
2024-12-08,bánh tart,110000.0,50000.0,169000.0,247,73,18110,1986437757,1.2,0.82,ecommerce_simulation,growing
2024-12-08,bánh donut,35000.0,15000.0,55000.0,111,182,20154,702888736,1.1,0.67,ecommerce_simulation,growing
2024-12-08,mix bánh,189000.0,87000.0,291000.0,152,77,11755,2223739189,1.4,0.84,ecommerce_simulation,growing
2024-12-15,bánh sinh nhật,517000.0,167000.0,866000.0,201,196,39483,20409094459,1.5,0.97,ecommerce_simulation,growing
2024-12-15,bánh mì sandwich,16000.0,8000.0,24000.0,182,267,48577,784440293,1.0,0.79,ecommerce_simulation,stable
2024-12-15,bánh quy handmade,81000.0,30000.0,132000.0,88,139,12258,995902565,1.4,0.66,ecommerce_simulation,growing
2024-12-15,bánh tart,104000.0,44000.0,163000.0,79,91,7218,748159094,1.2,0.63,ecommerce_simulation,growing
2024-12-15,bánh donut,35000.0,16000.0,54000.0,270,189,51058,1786297204,1.1,0.93,ecommerce_simulation,growing
2024-12-15,mix bánh,199000.0,87000.0,311000.0,283,55,15529,3094978731,1.4,0.97,ecommerce_simulation,growing
2024-12-22,bánh sinh nhật,547000.0,163000.0,931000.0,87,269,23441,12825640287,1.5,0.8,ecommerce_simulation,growing
2024-12-22,bánh mì sandwich,18000.0,8000.0,27000.0,177,263,46554,822797505,1.0,0.91,ecommerce_simulation,stable
2024-12-22,bánh quy handmade,80000.0,33000.0,128000.0,104,108,11185,898586006,1.4,0.84,ecommerce_simulation,growing
2024-12-22,bánh tart,95000.0,43000.0,146000.0,185,94,17479,1656570663,1.2,0.88,ecommerce_simulation,growing
2024-12-22,bánh donut,32000.0,15000.0,49000.0,99,223,22041,702107256,1.1,0.97,ecommerce_simulation,growing
2024-12-22,mix bánh,194000.0,80000.0,308000.0,209,51,10666,2069717169,1.4,0.92,ecommerce_simulation,growing
2024-12-29,bánh sinh nhật,540000.0,164000.0,917000.0,161,240,38658,20893800739,1.5,0.81,ecommerce_simulation,growing
2024-12-29,bánh mì sandwich,17000.0,8000.0,26000.0,194,293,56768,974673534,1.0,0.91,ecommerce_simulation,stable
2024-12-29,bánh quy handmade,80000.0,33000.0,128000.0,266,119,31607,2544284574,1.4,0.92,ecommerce_simulation,growing
2024-12-29,bánh tart,108000.0,51000.0,164000.0,274,101,27618,2976918335,1.2,0.98,ecommerce_simulation,growing
2024-12-29,bánh donut,36000.0,15000.0,57000.0,90,253,22815,819576576,1.1,0.85,ecommerce_simulation,growing
2024-12-29,mix bánh,182000.0,77000.0,287000.0,226,71,15947,2906470627,1.4,0.61,ecommerce_simulation,growing
