date,inflation_rate,income_index,flour_price_index,butter_price_index,sugar_price_index,milk_price_index,usd_vnd_rate,consumer_confidence,food_service_index,retail_sales_growth,unemployment_rate,gas_price_per_liter,electricity_price_per_kwh,minimum_wage_index
2024-01-01,3.37,104.5,102,108,95,104,24304.0,77.5,108,9.5,2.2,23921.0,2597.0,105.0
2024-01-02,3.58,103.7,102,108,95,104,24530.0,78.1,108,9.5,2.2,22284.0,2579.0,105.0
2024-01-03,3.56,106.4,102,108,95,104,24607.0,79.2,108,9.5,2.2,23622.0,2661.0,105.1
2024-01-04,3.35,106.6,102,108,95,104,24513.0,80.7,108,9.5,2.2,22502.0,2711.0,105.2
2024-01-05,3.2,105.4,102,108,95,104,24457.0,75.1,108,9.5,2.2,23986.0,2588.0,105.2
2024-01-06,3.75,105.8,102,108,95,104,24398.0,79.9,108,9.5,2.2,24039.0,2567.0,105.2
2024-01-07,3.24,105.6,102,108,95,104,24472.0,78.0,108,9.5,2.2,23467.0,2624.0,105.3
2024-01-08,3.42,105.6,102,108,95,104,24452.0,77.2,108,9.5,2.2,22748.0,2610.0,105.3
2024-01-09,3.49,106.4,102,108,95,104,24529.0,79.0,108,9.5,2.2,24183.0,2595.0,105.4
2024-01-10,3.65,106.6,102,108,95,104,24482.0,78.6,108,9.5,2.2,24428.0,2577.0,105.5
2024-01-11,3.49,104.6,102,108,95,104,24598.0,81.8,108,9.5,2.2,22317.0,2572.0,105.5
2024-01-12,3.33,105.8,102,108,95,104,24697.0,77.0,108,9.5,2.2,23526.0,2603.0,105.5
2024-01-13,3.34,104.8,102,108,95,104,24454.0,78.9,108,9.5,2.2,23192.0,2626.0,105.6
2024-01-14,3.25,106.3,102,108,95,104,24536.0,79.8,108,9.5,2.2,22754.0,2556.0,105.7
2024-01-15,3.73,105.0,102,108,95,104,24413.0,76.7,108,9.5,2.2,22430.0,2650.0,105.7
2024-01-16,3.54,105.1,102,108,95,104,24439.0,74.3,108,9.5,2.2,23661.0,2580.0,105.8
2024-01-17,3.48,103.4,102,108,95,104,24455.0,78.7,108,9.5,2.2,24674.0,2599.0,105.8
2024-01-18,3.35,105.8,102,108,95,104,24453.0,73.0,108,9.5,2.2,21214.0,2690.0,105.8
2024-01-19,3.63,105.6,102,108,95,104,24543.0,77.2,108,9.5,2.2,22099.0,2655.0,105.9
2024-01-20,3.37,105.7,102,108,95,104,24565.0,79.2,108,9.5,2.2,23674.0,2615.0,106.0
2024-01-21,3.36,104.5,102,108,95,104,24486.0,77.2,108,9.5,2.2,24822.0,2578.0,106.0
2024-01-22,3.37,105.8,102,108,95,104,24467.0,76.3,108,9.5,2.2,23203.0,2611.0,106.0
2024-01-23,3.7,104.7,102,108,95,104,24578.0,77.5,108,9.5,2.2,24677.0,2603.0,106.1
2024-01-24,3.5,104.8,102,108,95,104,24607.0,78.1,108,9.5,2.2,24478.0,2591.0,106.2
2024-01-25,3.37,103.5,102,108,95,104,24614.0,76.0,108,9.5,2.2,21627.0,2662.0,106.2
2024-01-26,3.75,103.7,102,108,95,104,24291.0,77.7,108,9.5,2.2,23537.0,2552.0,106.2
2024-01-27,3.81,106.8,102,108,95,104,24500.0,81.5,108,9.5,2.2,24257.0,2707.0,106.3
2024-01-28,3.56,105.2,102,108,95,104,24689.0,76.6,108,9.5,2.2,22258.0,2563.0,106.3
2024-01-29,3.52,107.4,102,108,95,104,24468.0,76.3,108,9.5,2.2,22571.0,2653.0,106.4
2024-01-30,3.33,105.2,102,108,95,104,24609.0,75.8,108,9.5,2.2,24370.0,2546.0,106.5
2024-01-31,3.73,104.4,102,108,95,104,24466.0,80.7,108,9.5,2.2,21538.0,2563.0,106.5
2024-02-01,3.54,105.2,102,108,95,104,24524.0,79.7,108,9.5,2.2,24347.0,2649.0,106.5
2024-02-02,3.52,105.2,102,108,95,104,24475.0,78.9,108,9.5,2.2,23456.0,2659.0,106.6
2024-02-03,3.24,105.9,102,108,95,104,24219.0,77.8,108,9.5,2.2,22749.0,2586.0,106.7
2024-02-04,3.64,104.9,102,108,95,104,24523.0,80.1,108,9.5,2.2,23876.0,2719.0,106.7
2024-02-05,4.0,105.6,102,108,95,104,24624.0,82.0,108,9.5,2.2,23507.0,2604.0,106.8
2024-02-06,3.17,104.7,102,108,95,104,24479.0,79.4,108,9.5,2.2,21586.0,2616.0,106.8
2024-02-07,3.17,104.5,102,108,95,104,24599.0,80.0,108,9.5,2.2,23535.0,2663.0,106.8
2024-02-08,3.41,106.0,102,108,95,104,24450.0,81.0,108,9.5,2.2,23160.0,2568.0,106.9
2024-02-09,3.37,105.1,102,108,95,104,24473.0,76.9,108,9.5,2.2,20637.0,2606.0,107.0
2024-02-10,3.55,105.5,102,108,95,104,24400.0,77.0,108,9.5,2.2,22322.0,2587.0,107.0
2024-02-11,3.16,104.6,102,108,95,104,24474.0,76.1,108,9.5,2.2,24733.0,2577.0,107.0
2024-02-12,3.66,105.0,102,108,95,104,24568.0,78.9,108,9.5,2.2,21665.0,2606.0,107.1
2024-02-13,3.33,106.1,102,108,95,104,24426.0,76.0,108,9.5,2.2,22238.0,2571.0,107.2
2024-02-14,3.19,104.5,102,108,95,104,24667.0,74.5,108,9.5,2.2,24455.0,2541.0,107.2
2024-02-15,3.52,103.8,102,108,95,104,24411.0,80.2,108,9.5,2.2,22360.0,2596.0,107.2
2024-02-16,3.62,104.3,102,108,95,104,24562.0,80.0,108,9.5,2.2,22112.0,2597.0,107.3
2024-02-17,3.33,105.4,102,108,95,104,24371.0,76.9,108,9.5,2.2,21636.0,2520.0,107.3
2024-02-18,3.68,104.1,102,108,95,104,24562.0,74.6,108,9.5,2.2,22839.0,2543.0,107.4
2024-02-19,3.59,104.0,102,108,95,104,24362.0,76.3,108,9.5,2.2,23230.0,2685.0,107.5
2024-02-20,3.54,104.8,102,108,95,104,24529.0,81.7,108,9.5,2.2,21429.0,2617.0,107.5
2024-02-21,3.74,105.2,102,108,95,104,24472.0,78.2,108,9.5,2.2,21997.0,2618.0,107.5
2024-02-22,3.66,104.8,102,108,95,104,24525.0,77.7,108,9.5,2.2,22468.0,2609.0,107.6
2024-02-23,3.55,104.3,102,108,95,104,24546.0,79.1,108,9.5,2.2,22818.0,2717.0,107.7
2024-02-24,3.5,102.7,102,108,95,104,24336.0,77.1,108,9.5,2.2,26300.0,2564.0,107.7
2024-02-25,3.44,106.5,102,108,95,104,24525.0,73.8,108,9.5,2.2,20658.0,2619.0,107.8
2024-02-26,3.47,107.0,102,108,95,104,24502.0,81.2,108,9.5,2.2,25067.0,2492.0,107.8
2024-02-27,3.33,105.7,102,108,95,104,24506.0,75.8,108,9.5,2.2,23517.0,2546.0,107.8
2024-02-28,3.44,104.9,102,108,95,104,24543.0,73.0,108,9.5,2.2,22839.0,2594.0,107.9
2024-02-29,2.97,107.1,102,108,95,104,24342.0,77.5,108,9.5,2.2,21527.0,2520.0,108.0
2024-03-01,3.85,104.7,102,108,95,104,24414.0,78.8,108,9.5,2.2,21882.0,2519.0,108.0
2024-03-02,3.16,104.4,102,108,95,104,24488.0,80.4,108,9.5,2.2,20770.0,2555.0,108.0
2024-03-03,3.3,104.0,102,108,95,104,24452.0,80.5,108,9.5,2.2,21560.0,2543.0,108.1
2024-03-04,3.4,105.8,102,108,95,104,24543.0,78.2,108,9.5,2.2,22186.0,2625.0,108.2
2024-03-05,3.73,105.4,102,108,95,104,24543.0,80.8,108,9.5,2.2,22306.0,2540.0,108.2
2024-03-06,3.55,104.2,102,108,95,104,24512.0,80.3,108,9.5,2.2,23751.0,2687.0,108.2
2024-03-07,3.48,107.6,102,108,95,104,24450.0,77.6,108,9.5,2.2,23938.0,2675.0,108.3
2024-03-08,3.7,106.8,102,108,95,104,24499.0,78.1,108,9.5,2.2,21122.0,2577.0,108.3
2024-03-09,3.32,105.0,102,108,95,104,24424.0,78.6,108,9.5,2.2,21818.0,2622.0,108.4
2024-03-10,3.54,105.2,102,108,95,104,24703.0,77.2,108,9.5,2.2,23052.0,2667.0,108.5
2024-03-11,3.39,105.2,102,108,95,104,24381.0,80.9,108,9.5,2.2,22425.0,2594.0,108.5
2024-03-12,3.52,103.9,102,108,95,104,24393.0,78.1,108,9.5,2.2,22740.0,2533.0,108.5
2024-03-13,3.81,104.5,102,108,95,104,24671.0,76.7,108,9.5,2.2,24038.0,2530.0,108.6
2024-03-14,3.25,105.5,102,108,95,104,24513.0,82.0,108,9.5,2.2,22489.0,2607.0,108.7
2024-03-15,3.63,103.9,102,108,95,104,24668.0,80.1,108,9.5,2.2,22068.0,2668.0,108.7
2024-03-16,3.41,104.4,102,108,95,104,24504.0,77.7,108,9.5,2.2,21341.0,2582.0,108.8
2024-03-17,3.5,104.9,102,108,95,104,24505.0,80.2,108,9.5,2.2,21936.0,2607.0,108.8
2024-03-18,3.7,103.6,102,108,95,104,24514.0,77.4,108,9.5,2.2,22895.0,2511.0,108.8
2024-03-19,3.6,105.2,102,108,95,104,24445.0,80.0,108,9.5,2.2,23992.0,2487.0,108.9
2024-03-20,3.39,104.7,102,108,95,104,24717.0,78.9,108,9.5,2.2,24438.0,2590.0,109.0
2024-03-21,3.52,105.3,102,108,95,104,24658.0,80.1,108,9.5,2.2,23469.0,2542.0,109.0
2024-03-22,3.63,105.9,102,108,95,104,24440.0,80.1,108,9.5,2.2,24430.0,2663.0,109.0
2024-03-23,3.41,104.3,102,108,95,104,24474.0,79.8,108,9.5,2.2,23077.0,2673.0,109.1
2024-03-24,3.8,104.5,102,108,95,104,24484.0,79.5,108,9.5,2.2,23491.0,2653.0,109.2
2024-03-25,3.53,104.9,102,108,95,104,24430.0,81.1,108,9.5,2.2,22271.0,2520.0,109.2
2024-03-26,2.98,106.1,102,108,95,104,24445.0,79.0,108,9.5,2.2,22796.0,2529.0,109.2
2024-03-27,3.31,107.0,102,108,95,104,24541.0,77.8,108,9.5,2.2,24641.0,2679.0,109.3
2024-03-28,3.65,105.1,102,108,95,104,24554.0,78.6,108,9.5,2.2,24922.0,2569.0,109.3
2024-03-29,3.58,104.2,102,108,95,104,24530.0,76.8,108,9.5,2.2,22033.0,2637.0,109.4
2024-03-30,3.46,106.1,102,108,95,104,24567.0,78.4,108,9.5,2.2,25394.0,2599.0,109.5
2024-03-31,3.63,105.1,102,108,95,104,24367.0,76.4,108,9.5,2.2,23133.0,2590.0,109.5
2024-04-01,3.59,104.2,102,108,95,104,24560.0,82.0,108,9.5,2.2,22363.0,2521.0,109.5
2024-04-02,3.32,105.3,102,108,95,104,24451.0,73.9,108,9.5,2.2,23930.0,2640.0,109.6
2024-04-03,3.22,106.2,102,108,95,104,24462.0,79.4,108,9.5,2.2,19802.0,2656.0,109.7
2024-04-04,3.76,105.0,102,108,95,104,24716.0,79.2,108,9.5,2.2,22579.0,2557.0,109.7
2024-04-05,3.08,103.3,102,108,95,104,24568.0,78.9,108,9.5,2.2,22373.0,2660.0,109.8
2024-04-06,3.46,103.9,102,108,95,104,24611.0,78.5,108,9.5,2.2,23423.0,2592.0,109.8
2024-04-07,3.72,104.8,102,108,95,104,24510.0,80.6,108,9.5,2.2,22631.0,2633.0,109.8
2024-04-08,3.82,107.2,102,108,95,104,24291.0,75.8,108,9.5,2.2,25576.0,2586.0,109.9
2024-04-09,3.75,105.9,102,108,95,104,24493.0,80.1,108,9.5,2.2,23952.0,2615.0,110.0
2024-04-10,3.08,104.2,102,108,95,104,24430.0,77.0,108,9.5,2.2,21678.0,2588.0,110.0
2024-04-11,3.53,104.4,102,108,95,104,24650.0,79.0,108,9.5,2.2,23162.0,2646.0,110.0
2024-04-12,3.65,106.2,102,108,95,104,24548.0,77.4,108,9.5,2.2,24689.0,2513.0,110.1
2024-04-13,3.3,104.4,102,108,95,104,24443.0,80.4,108,9.5,2.2,20865.0,2496.0,110.2
2024-04-14,3.59,106.2,102,108,95,104,24534.0,79.9,108,9.5,2.2,22176.0,2684.0,110.2
2024-04-15,3.65,106.5,102,108,95,104,24609.0,78.2,108,9.5,2.2,23384.0,2494.0,110.2
2024-04-16,3.45,104.9,102,108,95,104,24449.0,76.7,108,9.5,2.2,20169.0,2528.0,110.3
2024-04-17,3.65,106.8,102,108,95,104,24434.0,78.3,108,9.5,2.2,21386.0,2645.0,110.3
2024-04-18,3.24,105.6,102,108,95,104,24478.0,76.0,108,9.5,2.2,23356.0,2587.0,110.4
2024-04-19,3.87,105.9,102,108,95,104,24479.0,73.7,108,9.5,2.2,24601.0,2620.0,110.5
2024-04-20,3.59,104.9,102,108,95,104,24465.0,76.7,108,9.5,2.2,25591.0,2536.0,110.5
2024-04-21,3.44,104.3,102,108,95,104,24302.0,76.9,108,9.5,2.2,21253.0,2594.0,110.5
2024-04-22,3.53,102.8,102,108,95,104,24657.0,79.7,108,9.5,2.2,21620.0,2597.0,110.6
2024-04-23,3.65,103.2,102,108,95,104,24502.0,80.8,108,9.5,2.2,21477.0,2706.0,110.7
2024-04-24,3.34,105.8,102,108,95,104,24579.0,77.3,108,9.5,2.2,22637.0,2574.0,110.7
2024-04-25,3.67,104.9,102,108,95,104,24484.0,78.8,108,9.5,2.2,23506.0,2758.0,110.8
2024-04-26,3.13,104.9,102,108,95,104,24456.0,77.4,108,9.5,2.2,23117.0,2631.0,110.8
2024-04-27,3.9,104.6,102,108,95,104,24448.0,78.4,108,9.5,2.2,23260.0,2571.0,110.8
2024-04-28,3.56,105.8,102,108,95,104,24501.0,78.2,108,9.5,2.2,20948.0,2676.0,110.9
2024-04-29,3.48,106.0,102,108,95,104,24593.0,74.1,108,9.5,2.2,21847.0,2582.0,111.0
2024-04-30,3.48,103.7,102,108,95,104,24422.0,80.7,108,9.5,2.2,24000.0,2654.0,111.0
2024-05-01,3.43,106.4,102,108,95,104,24550.0,76.6,108,9.5,2.2,22519.0,2536.0,111.0
2024-05-02,3.49,105.0,102,108,95,104,24476.0,77.5,108,9.5,2.2,21316.0,2595.0,111.1
2024-05-03,3.83,104.6,102,108,95,104,24500.0,76.6,108,9.5,2.2,22063.0,2597.0,111.2
2024-05-04,3.55,104.7,102,108,95,104,24605.0,77.2,108,9.5,2.2,23541.0,2582.0,111.2
2024-05-05,3.56,106.4,102,108,95,104,24313.0,80.5,108,9.5,2.2,21640.0,2636.0,111.2
2024-05-06,3.76,103.5,102,108,95,104,24244.0,76.1,108,9.5,2.2,23763.0,2592.0,111.3
2024-05-07,3.53,105.3,102,108,95,104,24481.0,75.2,108,9.5,2.2,21997.0,2540.0,111.3
2024-05-08,3.08,104.9,102,108,95,104,24559.0,76.8,108,9.5,2.2,22824.0,2604.0,111.4
2024-05-09,3.39,105.1,102,108,95,104,24571.0,77.7,108,9.5,2.2,22412.0,2643.0,111.5
2024-05-10,3.38,103.5,102,108,95,104,24559.0,79.3,108,9.5,2.2,24787.0,2621.0,111.5
2024-05-11,3.69,106.6,102,108,95,104,24420.0,80.4,108,9.5,2.2,23281.0,2564.0,111.5
2024-05-12,3.67,103.3,102,108,95,104,24595.0,79.5,108,9.5,2.2,22257.0,2559.0,111.6
2024-05-13,3.48,104.7,102,108,95,104,24536.0,79.3,108,9.5,2.2,21132.0,2639.0,111.7
2024-05-14,3.34,103.2,102,108,95,104,24429.0,78.8,108,9.5,2.2,24920.0,2670.0,111.7
2024-05-15,3.41,104.3,102,108,95,104,24617.0,80.8,108,9.5,2.2,21889.0,2594.0,111.8
2024-05-16,3.24,104.4,102,108,95,104,24457.0,72.2,108,9.5,2.2,23927.0,2700.0,111.8
2024-05-17,3.53,104.1,102,108,95,104,24292.0,79.0,108,9.5,2.2,21160.0,2625.0,111.8
2024-05-18,3.82,103.6,102,108,95,104,24388.0,78.8,108,9.5,2.2,24137.0,2580.0,111.9
2024-05-19,3.91,105.4,102,108,95,104,24526.0,77.5,108,9.5,2.2,23525.0,2601.0,112.0
2024-05-20,3.47,104.1,102,108,95,104,24376.0,78.3,108,9.5,2.2,24448.0,2591.0,112.0
2024-05-21,3.42,106.0,102,108,95,104,24471.0,77.8,108,9.5,2.2,22405.0,2571.0,112.0
2024-05-22,3.49,104.8,102,108,95,104,24448.0,80.5,108,9.5,2.2,22792.0,2612.0,112.1
2024-05-23,3.31,104.6,102,108,95,104,24360.0,76.2,108,9.5,2.2,23852.0,2677.0,112.2
2024-05-24,3.56,106.5,102,108,95,104,24510.0,76.5,108,9.5,2.2,24221.0,2576.0,112.2
2024-05-25,3.66,104.2,102,108,95,104,24555.0,78.1,108,9.5,2.2,23778.0,2605.0,112.2
2024-05-26,3.44,105.9,102,108,95,104,24446.0,78.3,108,9.5,2.2,24090.0,2527.0,112.3
2024-05-27,3.6,105.0,102,108,95,104,24545.0,81.1,108,9.5,2.2,23450.0,2527.0,112.3
2024-05-28,3.59,105.1,102,108,95,104,24582.0,76.1,108,9.5,2.2,23502.0,2594.0,112.4
2024-05-29,3.39,105.2,102,108,95,104,24495.0,74.7,108,9.5,2.2,22832.0,2674.0,112.5
2024-05-30,3.43,104.7,102,108,95,104,24609.0,77.3,108,9.5,2.2,22846.0,2711.0,112.5
2024-05-31,3.38,102.6,102,108,95,104,24297.0,79.6,108,9.5,2.2,20804.0,2562.0,112.5
2024-06-01,3.54,104.5,102,108,95,104,24568.0,77.7,108,9.5,2.2,20653.0,2639.0,112.6
2024-06-02,3.46,106.2,102,108,95,104,24461.0,78.2,108,9.5,2.2,24613.0,2613.0,112.7
2024-06-03,3.53,104.9,102,108,95,104,24419.0,78.6,108,9.5,2.2,21917.0,2550.0,112.7
2024-06-04,3.4,105.6,102,108,95,104,24467.0,81.5,108,9.5,2.2,21778.0,2598.0,112.8
2024-06-05,3.6,104.0,102,108,95,104,24470.0,79.9,108,9.5,2.2,23044.0,2533.0,112.8
2024-06-06,3.55,105.1,102,108,95,104,24512.0,80.7,108,9.5,2.2,26077.0,2664.0,112.8
2024-06-07,3.69,105.4,102,108,95,104,24559.0,76.4,108,9.5,2.2,22581.0,2632.0,112.9
2024-06-08,3.23,105.8,102,108,95,104,24404.0,78.2,108,9.5,2.2,24380.0,2672.0,113.0
2024-06-09,3.37,105.4,102,108,95,104,24536.0,77.8,108,9.5,2.2,23582.0,2591.0,113.0
2024-06-10,4.05,103.2,102,108,95,104,24452.0,76.1,108,9.5,2.2,24899.0,2598.0,113.0
2024-06-11,3.37,106.1,102,108,95,104,24505.0,81.8,108,9.5,2.2,23576.0,2589.0,113.1
2024-06-12,3.57,103.5,102,108,95,104,24274.0,76.7,108,9.5,2.2,25138.0,2633.0,113.2
2024-06-13,3.87,105.4,102,108,95,104,24619.0,73.2,108,9.5,2.2,23794.0,2547.0,113.2
2024-06-14,3.57,106.0,102,108,95,104,24413.0,73.5,108,9.5,2.2,21688.0,2712.0,113.2
2024-06-15,3.49,104.0,102,108,95,104,24538.0,76.7,108,9.5,2.2,23432.0,2705.0,113.3
2024-06-16,3.56,106.0,102,108,95,104,24619.0,79.9,108,9.5,2.2,19997.0,2579.0,113.3
2024-06-17,3.71,105.2,102,108,95,104,24397.0,76.6,108,9.5,2.2,24433.0,2709.0,113.4
2024-06-18,3.29,105.7,102,108,95,104,24478.0,80.2,108,9.5,2.2,22803.0,2571.0,113.5
2024-06-19,3.28,107.0,102,108,95,104,24379.0,76.6,108,9.5,2.2,23630.0,2532.0,113.5
2024-06-20,3.87,103.3,102,108,95,104,24368.0,76.2,108,9.5,2.2,23729.0,2524.0,113.5
2024-06-21,3.84,106.6,102,108,95,104,24523.0,80.8,108,9.5,2.2,22977.0,2593.0,113.6
2024-06-22,3.33,105.8,102,108,95,104,24523.0,80.0,108,9.5,2.2,24681.0,2595.0,113.7
2024-06-23,3.65,105.4,102,108,95,104,24693.0,78.2,108,9.5,2.2,24059.0,2585.0,113.7
2024-06-24,3.3,106.7,102,108,95,104,24419.0,78.6,108,9.5,2.2,23156.0,2612.0,113.8
2024-06-25,3.45,105.9,102,108,95,104,24545.0,78.6,108,9.5,2.2,24143.0,2601.0,113.8
2024-06-26,3.68,105.0,102,108,95,104,24548.0,76.3,108,9.5,2.2,22597.0,2652.0,113.8
2024-06-27,3.72,106.2,102,108,95,104,24501.0,79.0,108,9.5,2.2,22342.0,2603.0,113.9
2024-06-28,3.46,105.9,102,108,95,104,24547.0,78.9,108,9.5,2.2,20691.0,2652.0,114.0
2024-06-29,3.45,104.6,102,108,95,104,24436.0,78.0,108,9.5,2.2,23512.0,2706.0,114.0
2024-06-30,3.47,105.0,102,108,95,104,24614.0,78.0,108,9.5,2.2,22911.0,2604.0,114.0
2024-07-01,3.39,105.9,102,108,95,104,24600.0,78.8,108,9.5,2.2,23876.0,2616.0,114.1
2024-07-02,3.48,105.2,102,108,95,104,24562.0,77.0,108,9.5,2.2,23261.0,2572.0,114.2
2024-07-03,3.37,106.1,102,108,95,104,24481.0,77.3,108,9.5,2.2,22718.0,2531.0,114.2
2024-07-04,3.23,105.2,102,108,95,104,24556.0,77.7,108,9.5,2.2,22161.0,2556.0,114.2
2024-07-05,3.66,105.1,102,108,95,104,24639.0,77.1,108,9.5,2.2,24238.0,2642.0,114.3
2024-07-06,3.44,104.9,102,108,95,104,24579.0,80.5,108,9.5,2.2,20681.0,2592.0,114.3
2024-07-07,3.48,106.2,102,108,95,104,24438.0,77.5,108,9.5,2.2,22323.0,2597.0,114.4
2024-07-08,3.41,105.7,102,108,95,104,24498.0,79.8,108,9.5,2.2,24819.0,2614.0,114.5
2024-07-09,3.36,105.6,102,108,95,104,24381.0,77.9,108,9.5,2.2,21959.0,2523.0,114.5
2024-07-10,3.48,105.9,102,108,95,104,24485.0,78.1,108,9.5,2.2,22353.0,2599.0,114.5
2024-07-11,3.61,105.0,102,108,95,104,24467.0,81.3,108,9.5,2.2,22712.0,2649.0,114.6
2024-07-12,3.46,106.6,102,108,95,104,24592.0,78.1,108,9.5,2.2,23467.0,2621.0,114.7
2024-07-13,3.5,104.1,102,108,95,104,24622.0,79.4,108,9.5,2.2,22958.0,2664.0,114.7
2024-07-14,3.72,106.2,102,108,95,104,24536.0,77.2,108,9.5,2.2,25387.0,2680.0,114.8
2024-07-15,3.06,105.1,102,108,95,104,24544.0,73.7,108,9.5,2.2,22265.0,2588.0,114.8
2024-07-16,3.59,105.0,102,108,95,104,24396.0,77.8,108,9.5,2.2,22641.0,2541.0,114.8
2024-07-17,3.5,104.4,102,108,95,104,24513.0,77.5,108,9.5,2.2,23259.0,2637.0,114.9
2024-07-18,3.25,104.3,102,108,95,104,24413.0,77.5,108,9.5,2.2,23053.0,2649.0,115.0
2024-07-19,3.63,104.4,102,108,95,104,24577.0,78.6,108,9.5,2.2,23340.0,2567.0,115.0
2024-07-20,3.46,104.6,102,108,95,104,24576.0,81.1,108,9.5,2.2,24562.0,2657.0,115.0
2024-07-21,3.83,105.6,102,108,95,104,24485.0,80.7,108,9.5,2.2,20809.0,2573.0,115.1
2024-07-22,3.89,104.9,102,108,95,104,24623.0,80.7,108,9.5,2.2,22045.0,2581.0,115.2
2024-07-23,3.64,105.4,102,108,95,104,24574.0,79.6,108,9.5,2.2,23252.0,2552.0,115.2
2024-07-24,3.44,105.0,102,108,95,104,24451.0,75.3,108,9.5,2.2,22536.0,2502.0,115.2
2024-07-25,3.1,104.9,102,108,95,104,24290.0,79.6,108,9.5,2.2,22758.0,2637.0,115.3
2024-07-26,3.5,105.2,102,108,95,104,24622.0,77.4,108,9.5,2.2,21301.0,2536.0,115.3
2024-07-27,3.64,106.4,102,108,95,104,24514.0,78.8,108,9.5,2.2,23053.0,2567.0,115.4
2024-07-28,3.39,105.2,102,108,95,104,24544.0,81.6,108,9.5,2.2,22582.0,2526.0,115.5
2024-07-29,3.5,106.7,102,108,95,104,24476.0,78.2,108,9.5,2.2,23806.0,2602.0,115.5
2024-07-30,3.96,106.2,102,108,95,104,24433.0,76.9,108,9.5,2.2,24478.0,2629.0,115.5
2024-07-31,3.51,104.0,102,108,95,104,24541.0,76.4,108,9.5,2.2,23879.0,2616.0,115.6
2024-08-01,3.26,104.3,102,108,95,104,24402.0,81.0,108,9.5,2.2,21302.0,2682.0,115.7
2024-08-02,3.66,105.1,102,108,95,104,24484.0,77.9,108,9.5,2.2,23742.0,2603.0,115.7
2024-08-03,3.63,105.8,102,108,95,104,24484.0,78.9,108,9.5,2.2,23884.0,2508.0,115.8
2024-08-04,3.66,105.1,102,108,95,104,24236.0,75.6,108,9.5,2.2,22808.0,2727.0,115.8
2024-08-05,3.42,104.7,102,108,95,104,24491.0,77.7,108,9.5,2.2,23800.0,2566.0,115.8
2024-08-06,3.07,103.6,102,108,95,104,24494.0,77.6,108,9.5,2.2,24323.0,2640.0,115.9
2024-08-07,3.61,104.9,102,108,95,104,24485.0,78.4,108,9.5,2.2,24186.0,2649.0,116.0
2024-08-08,3.69,104.2,102,108,95,104,24662.0,74.0,108,9.5,2.2,24627.0,2543.0,116.0
2024-08-09,3.49,105.2,102,108,95,104,24663.0,77.8,108,9.5,2.2,24353.0,2690.0,116.0
2024-08-10,3.29,104.4,102,108,95,104,24462.0,75.4,108,9.5,2.2,22918.0,2554.0,116.1
2024-08-11,3.67,102.2,102,108,95,104,24387.0,79.4,108,9.5,2.2,21706.0,2702.0,116.2
2024-08-12,3.36,105.8,102,108,95,104,24581.0,77.9,108,9.5,2.2,21618.0,2649.0,116.2
2024-08-13,3.33,105.0,102,108,95,104,24472.0,77.9,108,9.5,2.2,23679.0,2641.0,116.2
2024-08-14,3.6,105.4,102,108,95,104,24369.0,77.2,108,9.5,2.2,22674.0,2530.0,116.3
2024-08-15,3.56,104.8,102,108,95,104,24419.0,82.1,108,9.5,2.2,21703.0,2559.0,116.3
2024-08-16,3.48,106.3,102,108,95,104,24354.0,75.5,108,9.5,2.2,22467.0,2715.0,116.4
2024-08-17,3.69,105.1,102,108,95,104,24666.0,76.5,108,9.5,2.2,23267.0,2595.0,116.5
2024-08-18,3.24,104.5,102,108,95,104,24512.0,80.7,108,9.5,2.2,23787.0,2598.0,116.5
2024-08-19,3.6,105.0,102,108,95,104,24266.0,78.8,108,9.5,2.2,23032.0,2631.0,116.5
2024-08-20,3.41,105.4,102,108,95,104,24379.0,75.8,108,9.5,2.2,22547.0,2518.0,116.6
2024-08-21,3.1,105.1,102,108,95,104,24561.0,78.6,108,9.5,2.2,22524.0,2574.0,116.7
2024-08-22,3.56,105.1,102,108,95,104,24513.0,78.7,108,9.5,2.2,23591.0,2628.0,116.7
2024-08-23,3.47,104.6,102,108,95,104,24552.0,78.5,108,9.5,2.2,23342.0,2638.0,116.8
2024-08-24,3.28,105.7,102,108,95,104,24640.0,80.0,108,9.5,2.2,20894.0,2603.0,116.8
2024-08-25,3.38,105.1,102,108,95,104,24326.0,78.2,108,9.5,2.2,24133.0,2646.0,116.8
2024-08-26,3.79,105.7,102,108,95,104,24485.0,76.0,108,9.5,2.2,21228.0,2635.0,116.9
2024-08-27,3.46,104.0,102,108,95,104,24578.0,81.2,108,9.5,2.2,22103.0,2455.0,117.0
2024-08-28,3.54,103.5,102,108,95,104,24456.0,80.3,108,9.5,2.2,21880.0,2516.0,117.0
2024-08-29,3.4,104.7,102,108,95,104,24584.0,75.7,108,9.5,2.2,21987.0,2537.0,117.0
2024-08-30,3.54,104.3,102,108,95,104,24389.0,80.9,108,9.5,2.2,24204.0,2692.0,117.1
2024-08-31,3.48,103.8,102,108,95,104,24595.0,79.3,108,9.5,2.2,22339.0,2641.0,117.2
2024-09-01,3.58,106.8,102,108,95,104,24457.0,78.4,108,9.5,2.2,21486.0,2561.0,117.2
2024-09-02,3.85,102.7,102,108,95,104,24536.0,79.5,108,9.5,2.2,22307.0,2569.0,117.2
2024-09-03,3.32,104.5,102,108,95,104,24438.0,78.5,108,9.5,2.2,22234.0,2531.0,117.3
2024-09-04,3.67,103.8,102,108,95,104,24486.0,77.8,108,9.5,2.2,24029.0,2677.0,117.3
2024-09-05,3.55,106.6,102,108,95,104,24559.0,79.1,108,9.5,2.2,22273.0,2714.0,117.4
2024-09-06,3.77,104.4,102,108,95,104,24536.0,78.0,108,9.5,2.2,24516.0,2623.0,117.5
2024-09-07,3.22,105.7,102,108,95,104,24359.0,79.9,108,9.5,2.2,20252.0,2524.0,117.5
2024-09-08,3.44,104.1,102,108,95,104,24684.0,77.4,108,9.5,2.2,24820.0,2625.0,117.5
2024-09-09,3.39,104.0,102,108,95,104,24542.0,78.8,108,9.5,2.2,22587.0,2663.0,117.6
2024-09-10,3.3,104.6,102,108,95,104,24276.0,78.9,108,9.5,2.2,22954.0,2600.0,117.7
2024-09-11,3.68,106.7,102,108,95,104,24702.0,76.0,108,9.5,2.2,23772.0,2600.0,117.7
2024-09-12,3.55,105.8,102,108,95,104,24473.0,78.9,108,9.5,2.2,22159.0,2616.0,117.8
2024-09-13,3.52,105.0,102,108,95,104,24608.0,75.6,108,9.5,2.2,23451.0,2685.0,117.8
2024-09-14,3.71,104.5,102,108,95,104,24503.0,76.2,108,9.5,2.2,24073.0,2614.0,117.8
2024-09-15,3.57,104.9,102,108,95,104,24515.0,79.1,108,9.5,2.2,21767.0,2582.0,117.9
2024-09-16,3.48,105.7,102,108,95,104,24489.0,73.1,108,9.5,2.2,23893.0,2656.0,118.0
2024-09-17,3.27,105.0,102,108,95,104,24452.0,79.3,108,9.5,2.2,21916.0,2570.0,118.0
2024-09-18,3.54,105.0,102,108,95,104,24550.0,79.5,108,9.5,2.2,22371.0,2616.0,118.0
2024-09-19,3.38,106.7,102,108,95,104,24512.0,78.9,108,9.5,2.2,23413.0,2498.0,118.1
2024-09-20,3.62,104.8,102,108,95,104,24304.0,75.3,108,9.5,2.2,23726.0,2588.0,118.2
2024-09-21,3.88,104.5,102,108,95,104,24409.0,77.3,108,9.5,2.2,20526.0,2519.0,118.2
2024-09-22,3.46,107.0,102,108,95,104,24511.0,78.1,108,9.5,2.2,21996.0,2519.0,118.2
2024-09-23,3.08,104.2,102,108,95,104,24496.0,80.0,108,9.5,2.2,23890.0,2675.0,118.3
2024-09-24,3.34,106.5,102,108,95,104,24475.0,80.8,108,9.5,2.2,20727.0,2562.0,118.3
2024-09-25,3.26,105.2,102,108,95,104,24506.0,77.0,108,9.5,2.2,24013.0,2625.0,118.4
2024-09-26,3.48,105.0,102,108,95,104,24412.0,81.2,108,9.5,2.2,23912.0,2694.0,118.5
2024-09-27,3.47,106.8,102,108,95,104,24615.0,79.1,108,9.5,2.2,24660.0,2577.0,118.5
2024-09-28,3.41,105.9,102,108,95,104,24582.0,79.1,108,9.5,2.2,22049.0,2641.0,118.5
2024-09-29,3.55,105.0,102,108,95,104,24498.0,79.3,108,9.5,2.2,20984.0,2618.0,118.6
2024-09-30,3.76,105.4,102,108,95,104,24451.0,79.4,108,9.5,2.2,22406.0,2577.0,118.7
2024-10-01,3.49,104.2,102,108,95,104,24292.0,75.0,108,9.5,2.2,23451.0,2630.0,118.7
2024-10-02,3.62,105.0,102,108,95,104,24463.0,79.8,108,9.5,2.2,24341.0,2596.0,118.8
2024-10-03,3.72,105.9,102,108,95,104,24551.0,74.4,108,9.5,2.2,21199.0,2632.0,118.8
2024-10-04,3.47,105.6,102,108,95,104,24410.0,74.7,108,9.5,2.2,23524.0,2693.0,118.8
2024-10-05,3.59,104.0,102,108,95,104,24350.0,78.3,108,9.5,2.2,21932.0,2667.0,118.9
2024-10-06,3.82,106.7,102,108,95,104,24634.0,75.8,108,9.5,2.2,21385.0,2675.0,119.0
2024-10-07,3.2,104.9,102,108,95,104,24476.0,78.3,108,9.5,2.2,23203.0,2614.0,119.0
2024-10-08,3.38,106.0,102,108,95,104,24542.0,78.7,108,9.5,2.2,20877.0,2634.0,119.0
2024-10-09,3.24,104.1,102,108,95,104,24456.0,73.5,108,9.5,2.2,23315.0,2564.0,119.1
2024-10-10,3.37,103.9,102,108,95,104,24500.0,80.0,108,9.5,2.2,22915.0,2605.0,119.2
2024-10-11,3.23,102.7,102,108,95,104,24496.0,76.4,108,9.5,2.2,23799.0,2613.0,119.2
2024-10-12,3.78,104.4,102,108,95,104,24526.0,79.4,108,9.5,2.2,24271.0,2616.0,119.2
2024-10-13,3.51,105.4,102,108,95,104,24458.0,77.2,108,9.5,2.2,23273.0,2680.0,119.3
2024-10-14,3.66,106.5,102,108,95,104,24494.0,80.4,108,9.5,2.2,24388.0,2594.0,119.3
2024-10-15,3.65,105.0,102,108,95,104,24482.0,79.6,108,9.5,2.2,24906.0,2521.0,119.4
2024-10-16,3.22,103.8,102,108,95,104,24576.0,80.7,108,9.5,2.2,22718.0,2721.0,119.5
2024-10-17,3.37,104.7,102,108,95,104,24446.0,75.4,108,9.5,2.2,21964.0,2553.0,119.5
2024-10-18,3.34,104.4,102,108,95,104,24680.0,75.9,108,9.5,2.2,23221.0,2596.0,119.5
2024-10-19,3.36,103.8,102,108,95,104,24655.0,77.3,108,9.5,2.2,22714.0,2625.0,119.6
2024-10-20,3.73,104.9,102,108,95,104,24289.0,76.9,108,9.5,2.2,22838.0,2559.0,119.7
2024-10-21,3.56,105.1,102,108,95,104,24468.0,77.9,108,9.5,2.2,23292.0,2626.0,119.7
2024-10-22,3.26,105.2,102,108,95,104,24378.0,78.1,108,9.5,2.2,23572.0,2524.0,119.8
2024-10-23,3.28,104.4,102,108,95,104,24455.0,78.6,108,9.5,2.2,23228.0,2600.0,119.8
2024-10-24,3.18,103.5,102,108,95,104,24603.0,79.3,108,9.5,2.2,22523.0,2597.0,119.8
2024-10-25,3.61,103.4,102,108,95,104,24501.0,77.4,108,9.5,2.2,23562.0,2702.0,119.9
2024-10-26,3.93,104.2,102,108,95,104,24523.0,74.7,108,9.5,2.2,23375.0,2658.0,120.0
2024-10-27,3.29,103.7,102,108,95,104,24475.0,76.0,108,9.5,2.2,22434.0,2610.0,120.0
2024-10-28,3.38,103.8,102,108,95,104,24543.0,78.5,108,9.5,2.2,23181.0,2558.0,120.0
2024-10-29,3.27,103.7,102,108,95,104,24645.0,78.4,108,9.5,2.2,22556.0,2570.0,120.1
2024-10-30,3.68,106.5,102,108,95,104,24640.0,78.7,108,9.5,2.2,22792.0,2609.0,120.2
2024-10-31,3.4,104.8,102,108,95,104,24695.0,75.0,108,9.5,2.2,23802.0,2593.0,120.2
2024-11-01,3.28,106.0,102,108,95,104,24466.0,76.9,108,9.5,2.2,22646.0,2551.0,120.2
2024-11-02,3.68,103.9,102,108,95,104,24482.0,80.3,108,9.5,2.2,22458.0,2616.0,120.3
2024-11-03,3.53,105.7,102,108,95,104,24439.0,78.1,108,9.5,2.2,25025.0,2579.0,120.3
2024-11-04,3.51,105.3,102,108,95,104,24411.0,78.0,108,9.5,2.2,24043.0,2597.0,120.4
2024-11-05,3.2,102.7,102,108,95,104,24421.0,77.3,108,9.5,2.2,24709.0,2564.0,120.5
2024-11-06,3.36,104.0,102,108,95,104,24603.0,80.6,108,9.5,2.2,20868.0,2646.0,120.5
2024-11-07,3.14,103.8,102,108,95,104,24467.0,78.6,108,9.5,2.2,23787.0,2504.0,120.5
2024-11-08,3.55,104.3,102,108,95,104,24568.0,78.3,108,9.5,2.2,22877.0,2653.0,120.6
2024-11-09,3.46,105.2,102,108,95,104,24499.0,81.7,108,9.5,2.2,22736.0,2565.0,120.7
2024-11-10,3.71,104.3,102,108,95,104,24475.0,80.1,108,9.5,2.2,26673.0,2576.0,120.7
2024-11-11,3.83,104.9,102,108,95,104,24599.0,76.5,108,9.5,2.2,24255.0,2569.0,120.8
2024-11-12,3.35,104.4,102,108,95,104,24603.0,75.6,108,9.5,2.2,23216.0,2594.0,120.8
2024-11-13,3.34,105.0,102,108,95,104,24449.0,76.0,108,9.5,2.2,22474.0,2650.0,120.8
2024-11-14,3.7,104.7,102,108,95,104,24622.0,75.5,108,9.5,2.2,23928.0,2586.0,120.9
2024-11-15,3.58,103.9,102,108,95,104,24443.0,79.7,108,9.5,2.2,23410.0,2548.0,121.0
2024-11-16,3.58,107.4,102,108,95,104,24546.0,77.0,108,9.5,2.2,23279.0,2559.0,121.0
2024-11-17,3.28,106.2,102,108,95,104,24528.0,76.5,108,9.5,2.2,23287.0,2679.0,121.0
2024-11-18,3.81,104.9,102,108,95,104,24448.0,78.3,108,9.5,2.2,24107.0,2658.0,121.1
2024-11-19,3.25,105.9,102,108,95,104,24497.0,78.2,108,9.5,2.2,22310.0,2623.0,121.2
2024-11-20,3.54,106.4,102,108,95,104,24378.0,79.3,108,9.5,2.2,22058.0,2609.0,121.2
2024-11-21,3.65,104.8,102,108,95,104,24514.0,79.3,108,9.5,2.2,23603.0,2661.0,121.2
2024-11-22,3.39,104.0,102,108,95,104,24658.0,73.4,108,9.5,2.2,22872.0,2647.0,121.3
2024-11-23,3.58,105.5,102,108,95,104,24441.0,81.2,108,9.5,2.2,20733.0,2590.0,121.3
2024-11-24,3.79,105.1,102,108,95,104,24543.0,78.2,108,9.5,2.2,21889.0,2626.0,121.4
2024-11-25,3.22,105.2,102,108,95,104,24598.0,73.7,108,9.5,2.2,22926.0,2572.0,121.5
2024-11-26,3.75,104.0,102,108,95,104,24520.0,79.3,108,9.5,2.2,22014.0,2607.0,121.5
2024-11-27,3.85,104.8,102,108,95,104,24567.0,77.1,108,9.5,2.2,22817.0,2674.0,121.5
2024-11-28,3.54,105.0,102,108,95,104,24353.0,78.0,108,9.5,2.2,22265.0,2622.0,121.6
2024-11-29,3.3,106.4,102,108,95,104,24356.0,77.5,108,9.5,2.2,20944.0,2614.0,121.7
2024-11-30,3.39,104.9,102,108,95,104,24365.0,79.6,108,9.5,2.2,23022.0,2511.0,121.7
2024-12-01,3.32,105.6,102,108,95,104,24375.0,79.2,108,9.5,2.2,22805.0,2589.0,121.8
2024-12-02,3.37,106.2,102,108,95,104,24623.0,74.5,108,9.5,2.2,22421.0,2574.0,121.8
2024-12-03,3.41,102.5,102,108,95,104,24391.0,75.9,108,9.5,2.2,22627.0,2606.0,121.8
2024-12-04,3.73,104.9,102,108,95,104,24500.0,76.5,108,9.5,2.2,23403.0,2696.0,121.9
2024-12-05,3.56,106.7,102,108,95,104,24592.0,77.0,108,9.5,2.2,23466.0,2625.0,122.0
2024-12-06,3.43,104.0,102,108,95,104,24434.0,80.1,108,9.5,2.2,23508.0,2625.0,122.0
2024-12-07,3.6,103.6,102,108,95,104,24509.0,76.6,108,9.5,2.2,22587.0,2565.0,122.0
2024-12-08,3.77,103.8,102,108,95,104,24529.0,77.9,108,9.5,2.2,24416.0,2642.0,122.1
2024-12-09,3.37,105.2,102,108,95,104,24466.0,79.6,108,9.5,2.2,23423.0,2586.0,122.2
2024-12-10,3.35,107.2,102,108,95,104,24450.0,77.4,108,9.5,2.2,22237.0,2523.0,122.2
2024-12-11,3.48,101.9,102,108,95,104,24509.0,79.0,108,9.5,2.2,22888.0,2598.0,122.2
2024-12-12,3.64,105.8,102,108,95,104,24761.0,80.1,108,9.5,2.2,23156.0,2660.0,122.3
2024-12-13,3.52,105.7,102,108,95,104,24411.0,77.1,108,9.5,2.2,25149.0,2657.0,122.3
2024-12-14,3.67,106.3,102,108,95,104,24623.0,82.2,108,9.5,2.2,21869.0,2668.0,122.4
2024-12-15,3.53,105.4,102,108,95,104,24536.0,79.6,108,9.5,2.2,21788.0,2613.0,122.5
2024-12-16,3.42,106.7,102,108,95,104,24375.0,81.4,108,9.5,2.2,19954.0,2648.0,122.5
2024-12-17,3.53,105.2,102,108,95,104,24441.0,77.7,108,9.5,2.2,22317.0,2627.0,122.5
2024-12-18,3.55,104.7,102,108,95,104,24495.0,79.8,108,9.5,2.2,22705.0,2681.0,122.6
2024-12-19,3.7,106.0,102,108,95,104,24438.0,79.5,108,9.5,2.2,23643.0,2641.0,122.7
2024-12-20,3.65,103.3,102,108,95,104,24538.0,78.7,108,9.5,2.2,23329.0,2531.0,122.7
2024-12-21,3.47,104.9,102,108,95,104,24496.0,76.0,108,9.5,2.2,23337.0,2573.0,122.8
2024-12-22,3.16,105.7,102,108,95,104,24473.0,74.5,108,9.5,2.2,23194.0,2646.0,122.8
2024-12-23,3.81,105.5,102,108,95,104,24406.0,78.7,108,9.5,2.2,22541.0,2525.0,122.8
2024-12-24,3.44,104.4,102,108,95,104,24548.0,79.9,108,9.5,2.2,21498.0,2634.0,122.9
2024-12-25,3.55,104.6,102,108,95,104,24459.0,77.3,108,9.5,2.2,23675.0,2556.0,123.0
2024-12-26,3.48,103.3,102,108,95,104,24554.0,80.9,108,9.5,2.2,21753.0,2593.0,123.0
2024-12-27,3.32,104.4,102,108,95,104,24628.0,80.2,108,9.5,2.2,22856.0,2578.0,123.0
2024-12-28,3.42,104.5,102,108,95,104,24531.0,77.1,108,9.5,2.2,21546.0,2669.0,123.1
2024-12-29,3.55,105.8,102,108,95,104,24512.0,79.8,108,9.5,2.2,22819.0,2615.0,123.2
2024-12-30,3.08,104.7,102,108,95,104,24424.0,77.4,108,9.5,2.2,22932.0,2542.0,123.2
2024-12-31,3.62,104.9,102,108,95,104,24600.0,78.9,108,9.5,2.2,23408.0,2579.0,123.2
2025-01-01,3.57,106.1,102,108,95,104,24452.0,78.6,108,9.5,2.2,23211.0,2463.0,123.3
