date,shopping_query,search_interest,platform
2023-01-01,mua bánh sinh nhật online,0,google_shopping_trends
2023-01-08,mua bánh sinh nhật online,0,google_shopping_trends
2023-01-15,mua bánh sinh nhật online,14,google_shopping_trends
2023-01-22,mua bánh sinh nhật online,0,google_shopping_trends
2023-01-29,mua bánh sinh nhật online,0,google_shopping_trends
2023-02-05,mua bánh sinh nhật online,0,google_shopping_trends
2023-02-12,mua bánh sinh nhật online,0,google_shopping_trends
2023-02-19,mua bánh sinh nhật online,0,google_shopping_trends
2023-02-26,mua bánh sinh nhật online,0,google_shopping_trends
2023-03-05,mua bánh sinh nhật online,0,google_shopping_trends
2023-03-12,mua bánh sinh nhật online,0,google_shopping_trends
2023-03-19,mua bánh sinh nhật online,0,google_shopping_trends
2023-03-26,mua bánh sinh nhật online,0,google_shopping_trends
2023-04-02,mua bánh sinh nhật online,0,google_shopping_trends
2023-04-09,mua bánh sinh nhật online,0,google_shopping_trends
2023-04-16,mua bánh sinh nhật online,0,google_shopping_trends
2023-04-23,mua bánh sinh nhật online,0,google_shopping_trends
2023-04-30,mua bánh sinh nhật online,0,google_shopping_trends
2023-05-07,mua bánh sinh nhật online,0,google_shopping_trends
2023-05-14,mua bánh sinh nhật online,0,google_shopping_trends
2023-05-21,mua bánh sinh nhật online,0,google_shopping_trends
2023-05-28,mua bánh sinh nhật online,0,google_shopping_trends
2023-06-04,mua bánh sinh nhật online,0,google_shopping_trends
2023-06-11,mua bánh sinh nhật online,0,google_shopping_trends
2023-06-18,mua bánh sinh nhật online,0,google_shopping_trends
2023-06-25,mua bánh sinh nhật online,0,google_shopping_trends
2023-07-02,mua bánh sinh nhật online,0,google_shopping_trends
2023-07-09,mua bánh sinh nhật online,0,google_shopping_trends
2023-07-16,mua bánh sinh nhật online,0,google_shopping_trends
2023-07-23,mua bánh sinh nhật online,0,google_shopping_trends
2023-07-30,mua bánh sinh nhật online,0,google_shopping_trends
2023-08-06,mua bánh sinh nhật online,0,google_shopping_trends
2023-08-13,mua bánh sinh nhật online,0,google_shopping_trends
2023-08-20,mua bánh sinh nhật online,0,google_shopping_trends
2023-08-27,mua bánh sinh nhật online,0,google_shopping_trends
2023-09-03,mua bánh sinh nhật online,0,google_shopping_trends
2023-09-10,mua bánh sinh nhật online,0,google_shopping_trends
2023-09-17,mua bánh sinh nhật online,0,google_shopping_trends
2023-09-24,mua bánh sinh nhật online,0,google_shopping_trends
2023-10-01,mua bánh sinh nhật online,0,google_shopping_trends
2023-10-08,mua bánh sinh nhật online,0,google_shopping_trends
2023-10-15,mua bánh sinh nhật online,0,google_shopping_trends
2023-10-22,mua bánh sinh nhật online,0,google_shopping_trends
2023-10-29,mua bánh sinh nhật online,0,google_shopping_trends
2023-11-05,mua bánh sinh nhật online,0,google_shopping_trends
2023-11-12,mua bánh sinh nhật online,0,google_shopping_trends
2023-11-19,mua bánh sinh nhật online,0,google_shopping_trends
2023-11-26,mua bánh sinh nhật online,0,google_shopping_trends
2023-12-03,mua bánh sinh nhật online,0,google_shopping_trends
2023-12-10,mua bánh sinh nhật online,0,google_shopping_trends
2023-12-17,mua bánh sinh nhật online,15,google_shopping_trends
2023-12-24,mua bánh sinh nhật online,0,google_shopping_trends
2023-12-31,mua bánh sinh nhật online,0,google_shopping_trends
2024-01-07,mua bánh sinh nhật online,0,google_shopping_trends
2024-01-14,mua bánh sinh nhật online,0,google_shopping_trends
2024-01-21,mua bánh sinh nhật online,0,google_shopping_trends
2024-01-28,mua bánh sinh nhật online,0,google_shopping_trends
2024-02-04,mua bánh sinh nhật online,0,google_shopping_trends
2024-02-11,mua bánh sinh nhật online,0,google_shopping_trends
2024-02-18,mua bánh sinh nhật online,0,google_shopping_trends
2024-02-25,mua bánh sinh nhật online,0,google_shopping_trends
2024-03-03,mua bánh sinh nhật online,0,google_shopping_trends
2024-03-10,mua bánh sinh nhật online,0,google_shopping_trends
2024-03-17,mua bánh sinh nhật online,0,google_shopping_trends
2024-03-24,mua bánh sinh nhật online,0,google_shopping_trends
2024-03-31,mua bánh sinh nhật online,0,google_shopping_trends
2024-04-07,mua bánh sinh nhật online,0,google_shopping_trends
2024-04-14,mua bánh sinh nhật online,0,google_shopping_trends
2024-04-21,mua bánh sinh nhật online,0,google_shopping_trends
2024-04-28,mua bánh sinh nhật online,0,google_shopping_trends
2024-05-05,mua bánh sinh nhật online,0,google_shopping_trends
2024-05-12,mua bánh sinh nhật online,0,google_shopping_trends
2024-05-19,mua bánh sinh nhật online,0,google_shopping_trends
2024-05-26,mua bánh sinh nhật online,0,google_shopping_trends
2024-06-02,mua bánh sinh nhật online,0,google_shopping_trends
2024-06-09,mua bánh sinh nhật online,0,google_shopping_trends
2024-06-16,mua bánh sinh nhật online,0,google_shopping_trends
2024-06-23,mua bánh sinh nhật online,0,google_shopping_trends
2024-06-30,mua bánh sinh nhật online,0,google_shopping_trends
2024-07-07,mua bánh sinh nhật online,0,google_shopping_trends
2024-07-14,mua bánh sinh nhật online,0,google_shopping_trends
2024-07-21,mua bánh sinh nhật online,0,google_shopping_trends
2024-07-28,mua bánh sinh nhật online,0,google_shopping_trends
2024-08-04,mua bánh sinh nhật online,0,google_shopping_trends
2024-08-11,mua bánh sinh nhật online,0,google_shopping_trends
2024-08-18,mua bánh sinh nhật online,0,google_shopping_trends
2024-08-25,mua bánh sinh nhật online,0,google_shopping_trends
2024-09-01,mua bánh sinh nhật online,0,google_shopping_trends
2024-09-08,mua bánh sinh nhật online,0,google_shopping_trends
2024-09-15,mua bánh sinh nhật online,0,google_shopping_trends
2024-09-22,mua bánh sinh nhật online,0,google_shopping_trends
2024-09-29,mua bánh sinh nhật online,0,google_shopping_trends
2024-10-06,mua bánh sinh nhật online,0,google_shopping_trends
2024-10-13,mua bánh sinh nhật online,0,google_shopping_trends
2024-10-20,mua bánh sinh nhật online,0,google_shopping_trends
2024-10-27,mua bánh sinh nhật online,0,google_shopping_trends
2024-11-03,mua bánh sinh nhật online,0,google_shopping_trends
2024-11-10,mua bánh sinh nhật online,0,google_shopping_trends
2024-11-17,mua bánh sinh nhật online,0,google_shopping_trends
2024-11-24,mua bánh sinh nhật online,0,google_shopping_trends
2024-12-01,mua bánh sinh nhật online,0,google_shopping_trends
2024-12-08,mua bánh sinh nhật online,0,google_shopping_trends
2024-12-15,mua bánh sinh nhật online,0,google_shopping_trends
2024-12-22,mua bánh sinh nhật online,0,google_shopping_trends
2024-12-29,mua bánh sinh nhật online,0,google_shopping_trends
2023-01-01,đặt bánh online,0,google_shopping_trends
2023-01-08,đặt bánh online,0,google_shopping_trends
2023-01-15,đặt bánh online,0,google_shopping_trends
2023-01-22,đặt bánh online,0,google_shopping_trends
2023-01-29,đặt bánh online,0,google_shopping_trends
2023-02-05,đặt bánh online,0,google_shopping_trends
2023-02-12,đặt bánh online,0,google_shopping_trends
2023-02-19,đặt bánh online,0,google_shopping_trends
2023-02-26,đặt bánh online,0,google_shopping_trends
2023-03-05,đặt bánh online,0,google_shopping_trends
2023-03-12,đặt bánh online,0,google_shopping_trends
2023-03-19,đặt bánh online,0,google_shopping_trends
2023-03-26,đặt bánh online,0,google_shopping_trends
2023-04-02,đặt bánh online,0,google_shopping_trends
2023-04-09,đặt bánh online,0,google_shopping_trends
2023-04-16,đặt bánh online,0,google_shopping_trends
2023-04-23,đặt bánh online,0,google_shopping_trends
2023-04-30,đặt bánh online,0,google_shopping_trends
2023-05-07,đặt bánh online,0,google_shopping_trends
2023-05-14,đặt bánh online,0,google_shopping_trends
2023-05-21,đặt bánh online,0,google_shopping_trends
2023-05-28,đặt bánh online,0,google_shopping_trends
2023-06-04,đặt bánh online,0,google_shopping_trends
2023-06-11,đặt bánh online,0,google_shopping_trends
2023-06-18,đặt bánh online,0,google_shopping_trends
2023-06-25,đặt bánh online,0,google_shopping_trends
2023-07-02,đặt bánh online,0,google_shopping_trends
2023-07-09,đặt bánh online,0,google_shopping_trends
2023-07-16,đặt bánh online,0,google_shopping_trends
2023-07-23,đặt bánh online,0,google_shopping_trends
2023-07-30,đặt bánh online,0,google_shopping_trends
2023-08-06,đặt bánh online,0,google_shopping_trends
2023-08-13,đặt bánh online,0,google_shopping_trends
2023-08-20,đặt bánh online,0,google_shopping_trends
2023-08-27,đặt bánh online,0,google_shopping_trends
2023-09-03,đặt bánh online,0,google_shopping_trends
2023-09-10,đặt bánh online,0,google_shopping_trends
2023-09-17,đặt bánh online,0,google_shopping_trends
2023-09-24,đặt bánh online,0,google_shopping_trends
2023-10-01,đặt bánh online,0,google_shopping_trends
2023-10-08,đặt bánh online,0,google_shopping_trends
2023-10-15,đặt bánh online,0,google_shopping_trends
2023-10-22,đặt bánh online,0,google_shopping_trends
2023-10-29,đặt bánh online,0,google_shopping_trends
2023-11-05,đặt bánh online,0,google_shopping_trends
2023-11-12,đặt bánh online,0,google_shopping_trends
2023-11-19,đặt bánh online,0,google_shopping_trends
2023-11-26,đặt bánh online,0,google_shopping_trends
2023-12-03,đặt bánh online,0,google_shopping_trends
2023-12-10,đặt bánh online,11,google_shopping_trends
2023-12-17,đặt bánh online,0,google_shopping_trends
2023-12-24,đặt bánh online,0,google_shopping_trends
2023-12-31,đặt bánh online,0,google_shopping_trends
2024-01-07,đặt bánh online,0,google_shopping_trends
2024-01-14,đặt bánh online,0,google_shopping_trends
2024-01-21,đặt bánh online,0,google_shopping_trends
2024-01-28,đặt bánh online,0,google_shopping_trends
2024-02-04,đặt bánh online,0,google_shopping_trends
2024-02-11,đặt bánh online,0,google_shopping_trends
2024-02-18,đặt bánh online,0,google_shopping_trends
2024-02-25,đặt bánh online,0,google_shopping_trends
2024-03-03,đặt bánh online,0,google_shopping_trends
2024-03-10,đặt bánh online,0,google_shopping_trends
2024-03-17,đặt bánh online,0,google_shopping_trends
2024-03-24,đặt bánh online,0,google_shopping_trends
2024-03-31,đặt bánh online,0,google_shopping_trends
2024-04-07,đặt bánh online,0,google_shopping_trends
2024-04-14,đặt bánh online,0,google_shopping_trends
2024-04-21,đặt bánh online,0,google_shopping_trends
2024-04-28,đặt bánh online,0,google_shopping_trends
2024-05-05,đặt bánh online,0,google_shopping_trends
2024-05-12,đặt bánh online,0,google_shopping_trends
2024-05-19,đặt bánh online,0,google_shopping_trends
2024-05-26,đặt bánh online,0,google_shopping_trends
2024-06-02,đặt bánh online,0,google_shopping_trends
2024-06-09,đặt bánh online,0,google_shopping_trends
2024-06-16,đặt bánh online,0,google_shopping_trends
2024-06-23,đặt bánh online,0,google_shopping_trends
2024-06-30,đặt bánh online,0,google_shopping_trends
2024-07-07,đặt bánh online,0,google_shopping_trends
2024-07-14,đặt bánh online,0,google_shopping_trends
2024-07-21,đặt bánh online,0,google_shopping_trends
2024-07-28,đặt bánh online,0,google_shopping_trends
2024-08-04,đặt bánh online,0,google_shopping_trends
2024-08-11,đặt bánh online,0,google_shopping_trends
2024-08-18,đặt bánh online,0,google_shopping_trends
2024-08-25,đặt bánh online,0,google_shopping_trends
2024-09-01,đặt bánh online,0,google_shopping_trends
2024-09-08,đặt bánh online,0,google_shopping_trends
2024-09-15,đặt bánh online,0,google_shopping_trends
2024-09-22,đặt bánh online,0,google_shopping_trends
2024-09-29,đặt bánh online,0,google_shopping_trends
2024-10-06,đặt bánh online,0,google_shopping_trends
2024-10-13,đặt bánh online,0,google_shopping_trends
2024-10-20,đặt bánh online,0,google_shopping_trends
2024-10-27,đặt bánh online,0,google_shopping_trends
2024-11-03,đặt bánh online,0,google_shopping_trends
2024-11-10,đặt bánh online,0,google_shopping_trends
2024-11-17,đặt bánh online,0,google_shopping_trends
2024-11-24,đặt bánh online,0,google_shopping_trends
2024-12-01,đặt bánh online,0,google_shopping_trends
2024-12-08,đặt bánh online,0,google_shopping_trends
2024-12-15,đặt bánh online,0,google_shopping_trends
2024-12-22,đặt bánh online,0,google_shopping_trends
2024-12-29,đặt bánh online,0,google_shopping_trends
2023-01-01,tiệm bánh gần đây,39,google_shopping_trends
2023-01-08,tiệm bánh gần đây,51,google_shopping_trends
2023-01-15,tiệm bánh gần đây,48,google_shopping_trends
2023-01-22,tiệm bánh gần đây,50,google_shopping_trends
2023-01-29,tiệm bánh gần đây,44,google_shopping_trends
2023-02-05,tiệm bánh gần đây,53,google_shopping_trends
2023-02-12,tiệm bánh gần đây,53,google_shopping_trends
2023-02-19,tiệm bánh gần đây,55,google_shopping_trends
2023-02-26,tiệm bánh gần đây,39,google_shopping_trends
2023-03-05,tiệm bánh gần đây,56,google_shopping_trends
2023-03-12,tiệm bánh gần đây,46,google_shopping_trends
2023-03-19,tiệm bánh gần đây,46,google_shopping_trends
2023-03-26,tiệm bánh gần đây,35,google_shopping_trends
2023-04-02,tiệm bánh gần đây,40,google_shopping_trends
2023-04-09,tiệm bánh gần đây,48,google_shopping_trends
2023-04-16,tiệm bánh gần đây,43,google_shopping_trends
2023-04-23,tiệm bánh gần đây,43,google_shopping_trends
2023-04-30,tiệm bánh gần đây,44,google_shopping_trends
2023-05-07,tiệm bánh gần đây,47,google_shopping_trends
2023-05-14,tiệm bánh gần đây,45,google_shopping_trends
2023-05-21,tiệm bánh gần đây,56,google_shopping_trends
2023-05-28,tiệm bánh gần đây,40,google_shopping_trends
2023-06-04,tiệm bánh gần đây,51,google_shopping_trends
2023-06-11,tiệm bánh gần đây,62,google_shopping_trends
2023-06-18,tiệm bánh gần đây,50,google_shopping_trends
2023-06-25,tiệm bánh gần đây,56,google_shopping_trends
2023-07-02,tiệm bánh gần đây,58,google_shopping_trends
2023-07-09,tiệm bánh gần đây,49,google_shopping_trends
2023-07-16,tiệm bánh gần đây,67,google_shopping_trends
2023-07-23,tiệm bánh gần đây,52,google_shopping_trends
2023-07-30,tiệm bánh gần đây,55,google_shopping_trends
2023-08-06,tiệm bánh gần đây,56,google_shopping_trends
2023-08-13,tiệm bánh gần đây,55,google_shopping_trends
2023-08-20,tiệm bánh gần đây,39,google_shopping_trends
2023-08-27,tiệm bánh gần đây,47,google_shopping_trends
2023-09-03,tiệm bánh gần đây,61,google_shopping_trends
2023-09-10,tiệm bánh gần đây,53,google_shopping_trends
2023-09-17,tiệm bánh gần đây,55,google_shopping_trends
2023-09-24,tiệm bánh gần đây,55,google_shopping_trends
2023-10-01,tiệm bánh gần đây,49,google_shopping_trends
2023-10-08,tiệm bánh gần đây,45,google_shopping_trends
2023-10-15,tiệm bánh gần đây,69,google_shopping_trends
2023-10-22,tiệm bánh gần đây,48,google_shopping_trends
2023-10-29,tiệm bánh gần đây,40,google_shopping_trends
2023-11-05,tiệm bánh gần đây,42,google_shopping_trends
2023-11-12,tiệm bánh gần đây,50,google_shopping_trends
2023-11-19,tiệm bánh gần đây,51,google_shopping_trends
2023-11-26,tiệm bánh gần đây,51,google_shopping_trends
2023-12-03,tiệm bánh gần đây,44,google_shopping_trends
2023-12-10,tiệm bánh gần đây,43,google_shopping_trends
2023-12-17,tiệm bánh gần đây,42,google_shopping_trends
2023-12-24,tiệm bánh gần đây,39,google_shopping_trends
2023-12-31,tiệm bánh gần đây,39,google_shopping_trends
2024-01-07,tiệm bánh gần đây,28,google_shopping_trends
2024-01-14,tiệm bánh gần đây,41,google_shopping_trends
2024-01-21,tiệm bánh gần đây,33,google_shopping_trends
2024-01-28,tiệm bánh gần đây,19,google_shopping_trends
2024-02-04,tiệm bánh gần đây,41,google_shopping_trends
2024-02-11,tiệm bánh gần đây,65,google_shopping_trends
2024-02-18,tiệm bánh gần đây,34,google_shopping_trends
2024-02-25,tiệm bánh gần đây,14,google_shopping_trends
2024-03-03,tiệm bánh gần đây,45,google_shopping_trends
2024-03-10,tiệm bánh gần đây,47,google_shopping_trends
2024-03-17,tiệm bánh gần đây,29,google_shopping_trends
2024-03-24,tiệm bánh gần đây,34,google_shopping_trends
2024-03-31,tiệm bánh gần đây,44,google_shopping_trends
2024-04-07,tiệm bánh gần đây,38,google_shopping_trends
2024-04-14,tiệm bánh gần đây,49,google_shopping_trends
2024-04-21,tiệm bánh gần đây,38,google_shopping_trends
2024-04-28,tiệm bánh gần đây,41,google_shopping_trends
2024-05-05,tiệm bánh gần đây,29,google_shopping_trends
2024-05-12,tiệm bánh gần đây,49,google_shopping_trends
2024-05-19,tiệm bánh gần đây,36,google_shopping_trends
2024-05-26,tiệm bánh gần đây,50,google_shopping_trends
2024-06-02,tiệm bánh gần đây,38,google_shopping_trends
2024-06-09,tiệm bánh gần đây,41,google_shopping_trends
2024-06-16,tiệm bánh gần đây,41,google_shopping_trends
2024-06-23,tiệm bánh gần đây,30,google_shopping_trends
2024-06-30,tiệm bánh gần đây,33,google_shopping_trends
2024-07-07,tiệm bánh gần đây,33,google_shopping_trends
2024-07-14,tiệm bánh gần đây,59,google_shopping_trends
2024-07-21,tiệm bánh gần đây,46,google_shopping_trends
2024-07-28,tiệm bánh gần đây,41,google_shopping_trends
2024-08-04,tiệm bánh gần đây,49,google_shopping_trends
2024-08-11,tiệm bánh gần đây,44,google_shopping_trends
2024-08-18,tiệm bánh gần đây,41,google_shopping_trends
2024-08-25,tiệm bánh gần đây,36,google_shopping_trends
2024-09-01,tiệm bánh gần đây,48,google_shopping_trends
2024-09-08,tiệm bánh gần đây,57,google_shopping_trends
2024-09-15,tiệm bánh gần đây,50,google_shopping_trends
2024-09-22,tiệm bánh gần đây,34,google_shopping_trends
2024-09-29,tiệm bánh gần đây,37,google_shopping_trends
2024-10-06,tiệm bánh gần đây,40,google_shopping_trends
2024-10-13,tiệm bánh gần đây,32,google_shopping_trends
2024-10-20,tiệm bánh gần đây,47,google_shopping_trends
2024-10-27,tiệm bánh gần đây,35,google_shopping_trends
2024-11-03,tiệm bánh gần đây,36,google_shopping_trends
2024-11-10,tiệm bánh gần đây,31,google_shopping_trends
2024-11-17,tiệm bánh gần đây,55,google_shopping_trends
2024-11-24,tiệm bánh gần đây,36,google_shopping_trends
2024-12-01,tiệm bánh gần đây,32,google_shopping_trends
2024-12-08,tiệm bánh gần đây,31,google_shopping_trends
2024-12-15,tiệm bánh gần đây,42,google_shopping_trends
2024-12-22,tiệm bánh gần đây,33,google_shopping_trends
2024-12-29,tiệm bánh gần đây,43,google_shopping_trends
2023-01-01,bánh giá rẻ,44,google_shopping_trends
2023-01-08,bánh giá rẻ,47,google_shopping_trends
2023-01-15,bánh giá rẻ,38,google_shopping_trends
2023-01-22,bánh giá rẻ,48,google_shopping_trends
2023-01-29,bánh giá rẻ,51,google_shopping_trends
2023-02-05,bánh giá rẻ,48,google_shopping_trends
2023-02-12,bánh giá rẻ,51,google_shopping_trends
2023-02-19,bánh giá rẻ,34,google_shopping_trends
2023-02-26,bánh giá rẻ,42,google_shopping_trends
2023-03-05,bánh giá rẻ,43,google_shopping_trends
2023-03-12,bánh giá rẻ,49,google_shopping_trends
2023-03-19,bánh giá rẻ,42,google_shopping_trends
2023-03-26,bánh giá rẻ,38,google_shopping_trends
2023-04-02,bánh giá rẻ,45,google_shopping_trends
2023-04-09,bánh giá rẻ,52,google_shopping_trends
2023-04-16,bánh giá rẻ,45,google_shopping_trends
2023-04-23,bánh giá rẻ,43,google_shopping_trends
2023-04-30,bánh giá rẻ,52,google_shopping_trends
2023-05-07,bánh giá rẻ,32,google_shopping_trends
2023-05-14,bánh giá rẻ,46,google_shopping_trends
2023-05-21,bánh giá rẻ,37,google_shopping_trends
2023-05-28,bánh giá rẻ,59,google_shopping_trends
2023-06-04,bánh giá rẻ,45,google_shopping_trends
2023-06-11,bánh giá rẻ,49,google_shopping_trends
2023-06-18,bánh giá rẻ,48,google_shopping_trends
2023-06-25,bánh giá rẻ,42,google_shopping_trends
2023-07-02,bánh giá rẻ,46,google_shopping_trends
2023-07-09,bánh giá rẻ,46,google_shopping_trends
2023-07-16,bánh giá rẻ,35,google_shopping_trends
2023-07-23,bánh giá rẻ,47,google_shopping_trends
2023-07-30,bánh giá rẻ,45,google_shopping_trends
2023-08-06,bánh giá rẻ,52,google_shopping_trends
2023-08-13,bánh giá rẻ,53,google_shopping_trends
2023-08-20,bánh giá rẻ,58,google_shopping_trends
2023-08-27,bánh giá rẻ,52,google_shopping_trends
2023-09-03,bánh giá rẻ,50,google_shopping_trends
2023-09-10,bánh giá rẻ,67,google_shopping_trends
2023-09-17,bánh giá rẻ,82,google_shopping_trends
2023-09-24,bánh giá rẻ,73,google_shopping_trends
2023-10-01,bánh giá rẻ,55,google_shopping_trends
2023-10-08,bánh giá rẻ,51,google_shopping_trends
2023-10-15,bánh giá rẻ,41,google_shopping_trends
2023-10-22,bánh giá rẻ,34,google_shopping_trends
2023-10-29,bánh giá rẻ,35,google_shopping_trends
2023-11-05,bánh giá rẻ,40,google_shopping_trends
2023-11-12,bánh giá rẻ,41,google_shopping_trends
2023-11-19,bánh giá rẻ,36,google_shopping_trends
2023-11-26,bánh giá rẻ,42,google_shopping_trends
2023-12-03,bánh giá rẻ,41,google_shopping_trends
2023-12-10,bánh giá rẻ,37,google_shopping_trends
2023-12-17,bánh giá rẻ,44,google_shopping_trends
2023-12-24,bánh giá rẻ,35,google_shopping_trends
2023-12-31,bánh giá rẻ,39,google_shopping_trends
2024-01-07,bánh giá rẻ,52,google_shopping_trends
2024-01-14,bánh giá rẻ,43,google_shopping_trends
2024-01-21,bánh giá rẻ,34,google_shopping_trends
2024-01-28,bánh giá rẻ,34,google_shopping_trends
2024-02-04,bánh giá rẻ,34,google_shopping_trends
2024-02-11,bánh giá rẻ,47,google_shopping_trends
2024-02-18,bánh giá rẻ,42,google_shopping_trends
2024-02-25,bánh giá rẻ,27,google_shopping_trends
2024-03-03,bánh giá rẻ,49,google_shopping_trends
2024-03-10,bánh giá rẻ,43,google_shopping_trends
2024-03-17,bánh giá rẻ,37,google_shopping_trends
2024-03-24,bánh giá rẻ,39,google_shopping_trends
2024-03-31,bánh giá rẻ,39,google_shopping_trends
2024-04-07,bánh giá rẻ,28,google_shopping_trends
2024-04-14,bánh giá rẻ,32,google_shopping_trends
2024-04-21,bánh giá rẻ,50,google_shopping_trends
2024-04-28,bánh giá rẻ,27,google_shopping_trends
2024-05-05,bánh giá rẻ,36,google_shopping_trends
2024-05-12,bánh giá rẻ,37,google_shopping_trends
2024-05-19,bánh giá rẻ,32,google_shopping_trends
2024-05-26,bánh giá rẻ,17,google_shopping_trends
2024-06-02,bánh giá rẻ,32,google_shopping_trends
2024-06-09,bánh giá rẻ,29,google_shopping_trends
2024-06-16,bánh giá rẻ,33,google_shopping_trends
2024-06-23,bánh giá rẻ,39,google_shopping_trends
2024-06-30,bánh giá rẻ,32,google_shopping_trends
2024-07-07,bánh giá rẻ,34,google_shopping_trends
2024-07-14,bánh giá rẻ,34,google_shopping_trends
2024-07-21,bánh giá rẻ,28,google_shopping_trends
2024-07-28,bánh giá rẻ,39,google_shopping_trends
2024-08-04,bánh giá rẻ,44,google_shopping_trends
2024-08-11,bánh giá rẻ,47,google_shopping_trends
2024-08-18,bánh giá rẻ,56,google_shopping_trends
2024-08-25,bánh giá rẻ,42,google_shopping_trends
2024-09-01,bánh giá rẻ,54,google_shopping_trends
2024-09-08,bánh giá rẻ,52,google_shopping_trends
2024-09-15,bánh giá rẻ,28,google_shopping_trends
2024-09-22,bánh giá rẻ,44,google_shopping_trends
2024-09-29,bánh giá rẻ,54,google_shopping_trends
2024-10-06,bánh giá rẻ,28,google_shopping_trends
2024-10-13,bánh giá rẻ,46,google_shopping_trends
2024-10-20,bánh giá rẻ,34,google_shopping_trends
2024-10-27,bánh giá rẻ,33,google_shopping_trends
2024-11-03,bánh giá rẻ,46,google_shopping_trends
2024-11-10,bánh giá rẻ,51,google_shopping_trends
2024-11-17,bánh giá rẻ,43,google_shopping_trends
2024-11-24,bánh giá rẻ,45,google_shopping_trends
2024-12-01,bánh giá rẻ,45,google_shopping_trends
2024-12-08,bánh giá rẻ,39,google_shopping_trends
2024-12-15,bánh giá rẻ,37,google_shopping_trends
2024-12-22,bánh giá rẻ,29,google_shopping_trends
2024-12-29,bánh giá rẻ,47,google_shopping_trends
2023-01-01,bánh cao cấp,29,google_shopping_trends
2023-01-08,bánh cao cấp,28,google_shopping_trends
2023-01-15,bánh cao cấp,34,google_shopping_trends
2023-01-22,bánh cao cấp,0,google_shopping_trends
2023-01-29,bánh cao cấp,25,google_shopping_trends
2023-02-05,bánh cao cấp,17,google_shopping_trends
2023-02-12,bánh cao cấp,23,google_shopping_trends
2023-02-19,bánh cao cấp,13,google_shopping_trends
2023-02-26,bánh cao cấp,28,google_shopping_trends
2023-03-05,bánh cao cấp,18,google_shopping_trends
2023-03-12,bánh cao cấp,26,google_shopping_trends
2023-03-19,bánh cao cấp,21,google_shopping_trends
2023-03-26,bánh cao cấp,34,google_shopping_trends
2023-04-02,bánh cao cấp,22,google_shopping_trends
2023-04-09,bánh cao cấp,25,google_shopping_trends
2023-04-16,bánh cao cấp,33,google_shopping_trends
2023-04-23,bánh cao cấp,22,google_shopping_trends
2023-04-30,bánh cao cấp,20,google_shopping_trends
2023-05-07,bánh cao cấp,23,google_shopping_trends
2023-05-14,bánh cao cấp,23,google_shopping_trends
2023-05-21,bánh cao cấp,0,google_shopping_trends
2023-05-28,bánh cao cấp,13,google_shopping_trends
2023-06-04,bánh cao cấp,28,google_shopping_trends
2023-06-11,bánh cao cấp,18,google_shopping_trends
2023-06-18,bánh cao cấp,21,google_shopping_trends
2023-06-25,bánh cao cấp,19,google_shopping_trends
2023-07-02,bánh cao cấp,21,google_shopping_trends
2023-07-09,bánh cao cấp,22,google_shopping_trends
2023-07-16,bánh cao cấp,17,google_shopping_trends
2023-07-23,bánh cao cấp,24,google_shopping_trends
2023-07-30,bánh cao cấp,32,google_shopping_trends
2023-08-06,bánh cao cấp,25,google_shopping_trends
2023-08-13,bánh cao cấp,32,google_shopping_trends
2023-08-20,bánh cao cấp,54,google_shopping_trends
2023-08-27,bánh cao cấp,30,google_shopping_trends
2023-09-03,bánh cao cấp,63,google_shopping_trends
2023-09-10,bánh cao cấp,61,google_shopping_trends
2023-09-17,bánh cao cấp,83,google_shopping_trends
2023-09-24,bánh cao cấp,100,google_shopping_trends
2023-10-01,bánh cao cấp,27,google_shopping_trends
2023-10-08,bánh cao cấp,27,google_shopping_trends
2023-10-15,bánh cao cấp,24,google_shopping_trends
2023-10-22,bánh cao cấp,27,google_shopping_trends
2023-10-29,bánh cao cấp,32,google_shopping_trends
2023-11-05,bánh cao cấp,31,google_shopping_trends
2023-11-12,bánh cao cấp,27,google_shopping_trends
2023-11-19,bánh cao cấp,35,google_shopping_trends
2023-11-26,bánh cao cấp,25,google_shopping_trends
2023-12-03,bánh cao cấp,25,google_shopping_trends
2023-12-10,bánh cao cấp,28,google_shopping_trends
2023-12-17,bánh cao cấp,32,google_shopping_trends
2023-12-24,bánh cao cấp,31,google_shopping_trends
2023-12-31,bánh cao cấp,19,google_shopping_trends
2024-01-07,bánh cao cấp,20,google_shopping_trends
2024-01-14,bánh cao cấp,30,google_shopping_trends
2024-01-21,bánh cao cấp,36,google_shopping_trends
2024-01-28,bánh cao cấp,30,google_shopping_trends
2024-02-04,bánh cao cấp,29,google_shopping_trends
2024-02-11,bánh cao cấp,28,google_shopping_trends
2024-02-18,bánh cao cấp,43,google_shopping_trends
2024-02-25,bánh cao cấp,23,google_shopping_trends
2024-03-03,bánh cao cấp,24,google_shopping_trends
2024-03-10,bánh cao cấp,32,google_shopping_trends
2024-03-17,bánh cao cấp,30,google_shopping_trends
2024-03-24,bánh cao cấp,18,google_shopping_trends
2024-03-31,bánh cao cấp,29,google_shopping_trends
2024-04-07,bánh cao cấp,18,google_shopping_trends
2024-04-14,bánh cao cấp,21,google_shopping_trends
2024-04-21,bánh cao cấp,32,google_shopping_trends
2024-04-28,bánh cao cấp,24,google_shopping_trends
2024-05-05,bánh cao cấp,31,google_shopping_trends
2024-05-12,bánh cao cấp,31,google_shopping_trends
2024-05-19,bánh cao cấp,17,google_shopping_trends
2024-05-26,bánh cao cấp,20,google_shopping_trends
2024-06-02,bánh cao cấp,28,google_shopping_trends
2024-06-09,bánh cao cấp,30,google_shopping_trends
2024-06-16,bánh cao cấp,22,google_shopping_trends
2024-06-23,bánh cao cấp,28,google_shopping_trends
2024-06-30,bánh cao cấp,18,google_shopping_trends
2024-07-07,bánh cao cấp,29,google_shopping_trends
2024-07-14,bánh cao cấp,36,google_shopping_trends
2024-07-21,bánh cao cấp,28,google_shopping_trends
2024-07-28,bánh cao cấp,34,google_shopping_trends
2024-08-04,bánh cao cấp,46,google_shopping_trends
2024-08-11,bánh cao cấp,65,google_shopping_trends
2024-08-18,bánh cao cấp,78,google_shopping_trends
2024-08-25,bánh cao cấp,76,google_shopping_trends
2024-09-01,bánh cao cấp,56,google_shopping_trends
2024-09-08,bánh cao cấp,88,google_shopping_trends
2024-09-15,bánh cao cấp,58,google_shopping_trends
2024-09-22,bánh cao cấp,32,google_shopping_trends
2024-09-29,bánh cao cấp,33,google_shopping_trends
2024-10-06,bánh cao cấp,39,google_shopping_trends
2024-10-13,bánh cao cấp,45,google_shopping_trends
2024-10-20,bánh cao cấp,41,google_shopping_trends
2024-10-27,bánh cao cấp,52,google_shopping_trends
2024-11-03,bánh cao cấp,28,google_shopping_trends
2024-11-10,bánh cao cấp,33,google_shopping_trends
2024-11-17,bánh cao cấp,36,google_shopping_trends
2024-11-24,bánh cao cấp,32,google_shopping_trends
2024-12-01,bánh cao cấp,20,google_shopping_trends
2024-12-08,bánh cao cấp,34,google_shopping_trends
2024-12-15,bánh cao cấp,25,google_shopping_trends
2024-12-22,bánh cao cấp,41,google_shopping_trends
2024-12-29,bánh cao cấp,45,google_shopping_trends
