bánh sinh nhật,keyword,date,bánh healthy,bánh vegan,bánh không đường,bánh truyền thống
68.0,bánh sinh nhật,2023-01-01,,,,
59.0,bánh sinh nhật,2023-01-08,,,,
56.0,bánh sinh nhật,2023-01-15,,,,
70.0,bánh sinh nhật,2023-01-22,,,,
75.0,bánh sinh nhật,2023-01-29,,,,
77.0,bánh sinh nhật,2023-02-05,,,,
74.0,bánh sinh nhật,2023-02-12,,,,
75.0,bánh sinh nhật,2023-02-19,,,,
88.0,bánh sinh nhật,2023-02-26,,,,
86.0,bánh sinh nhật,2023-03-05,,,,
73.0,bánh sinh nhật,2023-03-12,,,,
70.0,bánh sinh nhật,2023-03-19,,,,
69.0,bánh sinh nhật,2023-03-26,,,,
71.0,bánh sinh nhật,2023-04-02,,,,
69.0,bánh sinh nhật,2023-04-09,,,,
67.0,bánh sinh nhật,2023-04-16,,,,
67.0,bánh sinh nhật,2023-04-23,,,,
71.0,bánh sinh nhật,2023-04-30,,,,
68.0,bánh sinh nhật,2023-05-07,,,,
83.0,bánh sinh nhật,2023-05-14,,,,
74.0,bánh sinh nhật,2023-05-21,,,,
73.0,bánh sinh nhật,2023-05-28,,,,
76.0,bánh sinh nhật,2023-06-04,,,,
74.0,bánh sinh nhật,2023-06-11,,,,
80.0,bánh sinh nhật,2023-06-18,,,,
77.0,bánh sinh nhật,2023-06-25,,,,
91.0,bánh sinh nhật,2023-07-02,,,,
83.0,bánh sinh nhật,2023-07-09,,,,
81.0,bánh sinh nhật,2023-07-16,,,,
79.0,bánh sinh nhật,2023-07-23,,,,
81.0,bánh sinh nhật,2023-07-30,,,,
92.0,bánh sinh nhật,2023-08-06,,,,
90.0,bánh sinh nhật,2023-08-13,,,,
83.0,bánh sinh nhật,2023-08-20,,,,
88.0,bánh sinh nhật,2023-08-27,,,,
81.0,bánh sinh nhật,2023-09-03,,,,
75.0,bánh sinh nhật,2023-09-10,,,,
79.0,bánh sinh nhật,2023-09-17,,,,
80.0,bánh sinh nhật,2023-09-24,,,,
95.0,bánh sinh nhật,2023-10-01,,,,
93.0,bánh sinh nhật,2023-10-08,,,,
100.0,bánh sinh nhật,2023-10-15,,,,
75.0,bánh sinh nhật,2023-10-22,,,,
72.0,bánh sinh nhật,2023-10-29,,,,
76.0,bánh sinh nhật,2023-11-05,,,,
74.0,bánh sinh nhật,2023-11-12,,,,
77.0,bánh sinh nhật,2023-11-19,,,,
61.0,bánh sinh nhật,2023-11-26,,,,
61.0,bánh sinh nhật,2023-12-03,,,,
67.0,bánh sinh nhật,2023-12-10,,,,
64.0,bánh sinh nhật,2023-12-17,,,,
60.0,bánh sinh nhật,2023-12-24,,,,
66.0,bánh sinh nhật,2023-12-31,,,,
55.0,bánh sinh nhật,2024-01-07,,,,
51.0,bánh sinh nhật,2024-01-14,,,,
43.0,bánh sinh nhật,2024-01-21,,,,
46.0,bánh sinh nhật,2024-01-28,,,,
43.0,bánh sinh nhật,2024-02-04,,,,
65.0,bánh sinh nhật,2024-02-11,,,,
56.0,bánh sinh nhật,2024-02-18,,,,
56.0,bánh sinh nhật,2024-02-25,,,,
71.0,bánh sinh nhật,2024-03-03,,,,
53.0,bánh sinh nhật,2024-03-10,,,,
54.0,bánh sinh nhật,2024-03-17,,,,
45.0,bánh sinh nhật,2024-03-24,,,,
50.0,bánh sinh nhật,2024-03-31,,,,
53.0,bánh sinh nhật,2024-04-07,,,,
49.0,bánh sinh nhật,2024-04-14,,,,
44.0,bánh sinh nhật,2024-04-21,,,,
51.0,bánh sinh nhật,2024-04-28,,,,
53.0,bánh sinh nhật,2024-05-05,,,,
55.0,bánh sinh nhật,2024-05-12,,,,
57.0,bánh sinh nhật,2024-05-19,,,,
52.0,bánh sinh nhật,2024-05-26,,,,
55.0,bánh sinh nhật,2024-06-02,,,,
52.0,bánh sinh nhật,2024-06-09,,,,
48.0,bánh sinh nhật,2024-06-16,,,,
53.0,bánh sinh nhật,2024-06-23,,,,
52.0,bánh sinh nhật,2024-06-30,,,,
55.0,bánh sinh nhật,2024-07-07,,,,
56.0,bánh sinh nhật,2024-07-14,,,,
59.0,bánh sinh nhật,2024-07-21,,,,
58.0,bánh sinh nhật,2024-07-28,,,,
74.0,bánh sinh nhật,2024-08-04,,,,
68.0,bánh sinh nhật,2024-08-11,,,,
65.0,bánh sinh nhật,2024-08-18,,,,
62.0,bánh sinh nhật,2024-08-25,,,,
64.0,bánh sinh nhật,2024-09-01,,,,
58.0,bánh sinh nhật,2024-09-08,,,,
64.0,bánh sinh nhật,2024-09-15,,,,
57.0,bánh sinh nhật,2024-09-22,,,,
65.0,bánh sinh nhật,2024-09-29,,,,
68.0,bánh sinh nhật,2024-10-06,,,,
76.0,bánh sinh nhật,2024-10-13,,,,
67.0,bánh sinh nhật,2024-10-20,,,,
59.0,bánh sinh nhật,2024-10-27,,,,
57.0,bánh sinh nhật,2024-11-03,,,,
60.0,bánh sinh nhật,2024-11-10,,,,
69.0,bánh sinh nhật,2024-11-17,,,,
49.0,bánh sinh nhật,2024-11-24,,,,
52.0,bánh sinh nhật,2024-12-01,,,,
51.0,bánh sinh nhật,2024-12-08,,,,
54.0,bánh sinh nhật,2024-12-15,,,,
49.0,bánh sinh nhật,2024-12-22,,,,
52.0,bánh sinh nhật,2024-12-29,,,,
,bánh healthy,2023-01-01,48.0,,,
,bánh healthy,2023-01-08,40.0,,,
,bánh healthy,2023-01-15,0.0,,,
,bánh healthy,2023-01-22,0.0,,,
,bánh healthy,2023-01-29,0.0,,,
,bánh healthy,2023-02-05,36.0,,,
,bánh healthy,2023-02-12,65.0,,,
,bánh healthy,2023-02-19,77.0,,,
,bánh healthy,2023-02-26,32.0,,,
,bánh healthy,2023-03-05,77.0,,,
,bánh healthy,2023-03-12,61.0,,,
,bánh healthy,2023-03-19,38.0,,,
,bánh healthy,2023-03-26,92.0,,,
,bánh healthy,2023-04-02,32.0,,,
,bánh healthy,2023-04-09,55.0,,,
,bánh healthy,2023-04-16,65.0,,,
,bánh healthy,2023-04-23,61.0,,,
,bánh healthy,2023-04-30,37.0,,,
,bánh healthy,2023-05-07,42.0,,,
,bánh healthy,2023-05-14,52.0,,,
,bánh healthy,2023-05-21,50.0,,,
,bánh healthy,2023-05-28,42.0,,,
,bánh healthy,2023-06-04,33.0,,,
,bánh healthy,2023-06-11,48.0,,,
,bánh healthy,2023-06-18,52.0,,,
,bánh healthy,2023-06-25,0.0,,,
,bánh healthy,2023-07-02,0.0,,,
,bánh healthy,2023-07-09,47.0,,,
,bánh healthy,2023-07-16,47.0,,,
,bánh healthy,2023-07-23,47.0,,,
,bánh healthy,2023-07-30,40.0,,,
,bánh healthy,2023-08-06,67.0,,,
,bánh healthy,2023-08-13,92.0,,,
,bánh healthy,2023-08-20,74.0,,,
,bánh healthy,2023-08-27,50.0,,,
,bánh healthy,2023-09-03,0.0,,,
,bánh healthy,2023-09-10,68.0,,,
,bánh healthy,2023-09-17,100.0,,,
,bánh healthy,2023-09-24,99.0,,,
,bánh healthy,2023-10-01,59.0,,,
,bánh healthy,2023-10-08,49.0,,,
,bánh healthy,2023-10-15,44.0,,,
,bánh healthy,2023-10-22,46.0,,,
,bánh healthy,2023-10-29,58.0,,,
,bánh healthy,2023-11-05,48.0,,,
,bánh healthy,2023-11-12,56.0,,,
,bánh healthy,2023-11-19,43.0,,,
,bánh healthy,2023-11-26,49.0,,,
,bánh healthy,2023-12-03,51.0,,,
,bánh healthy,2023-12-10,32.0,,,
,bánh healthy,2023-12-17,35.0,,,
,bánh healthy,2023-12-24,0.0,,,
,bánh healthy,2023-12-31,52.0,,,
,bánh healthy,2024-01-07,56.0,,,
,bánh healthy,2024-01-14,53.0,,,
,bánh healthy,2024-01-21,36.0,,,
,bánh healthy,2024-01-28,0.0,,,
,bánh healthy,2024-02-04,0.0,,,
,bánh healthy,2024-02-11,0.0,,,
,bánh healthy,2024-02-18,0.0,,,
,bánh healthy,2024-02-25,0.0,,,
,bánh healthy,2024-03-03,54.0,,,
,bánh healthy,2024-03-10,38.0,,,
,bánh healthy,2024-03-17,0.0,,,
,bánh healthy,2024-03-24,39.0,,,
,bánh healthy,2024-03-31,54.0,,,
,bánh healthy,2024-04-07,71.0,,,
,bánh healthy,2024-04-14,39.0,,,
,bánh healthy,2024-04-21,0.0,,,
,bánh healthy,2024-04-28,63.0,,,
,bánh healthy,2024-05-05,0.0,,,
,bánh healthy,2024-05-12,58.0,,,
,bánh healthy,2024-05-19,0.0,,,
,bánh healthy,2024-05-26,0.0,,,
,bánh healthy,2024-06-02,0.0,,,
,bánh healthy,2024-06-09,0.0,,,
,bánh healthy,2024-06-16,0.0,,,
,bánh healthy,2024-06-23,40.0,,,
,bánh healthy,2024-06-30,64.0,,,
,bánh healthy,2024-07-07,0.0,,,
,bánh healthy,2024-07-14,55.0,,,
,bánh healthy,2024-07-21,53.0,,,
,bánh healthy,2024-07-28,73.0,,,
,bánh healthy,2024-08-04,48.0,,,
,bánh healthy,2024-08-11,71.0,,,
,bánh healthy,2024-08-18,54.0,,,
,bánh healthy,2024-08-25,0.0,,,
,bánh healthy,2024-09-01,45.0,,,
,bánh healthy,2024-09-08,43.0,,,
,bánh healthy,2024-09-15,39.0,,,
,bánh healthy,2024-09-22,73.0,,,
,bánh healthy,2024-09-29,0.0,,,
,bánh healthy,2024-10-06,0.0,,,
,bánh healthy,2024-10-13,39.0,,,
,bánh healthy,2024-10-20,51.0,,,
,bánh healthy,2024-10-27,0.0,,,
,bánh healthy,2024-11-03,52.0,,,
,bánh healthy,2024-11-10,54.0,,,
,bánh healthy,2024-11-17,61.0,,,
,bánh healthy,2024-11-24,56.0,,,
,bánh healthy,2024-12-01,46.0,,,
,bánh healthy,2024-12-08,42.0,,,
,bánh healthy,2024-12-15,53.0,,,
,bánh healthy,2024-12-22,0.0,,,
,bánh healthy,2024-12-29,0.0,,,
,bánh vegan,2023-01-01,,0.0,,
,bánh vegan,2023-01-08,,0.0,,
,bánh vegan,2023-01-15,,0.0,,
,bánh vegan,2023-01-22,,0.0,,
,bánh vegan,2023-01-29,,0.0,,
,bánh vegan,2023-02-05,,0.0,,
,bánh vegan,2023-02-12,,0.0,,
,bánh vegan,2023-02-19,,0.0,,
,bánh vegan,2023-02-26,,0.0,,
,bánh vegan,2023-03-05,,0.0,,
,bánh vegan,2023-03-12,,0.0,,
,bánh vegan,2023-03-19,,0.0,,
,bánh vegan,2023-03-26,,0.0,,
,bánh vegan,2023-04-02,,0.0,,
,bánh vegan,2023-04-09,,0.0,,
,bánh vegan,2023-04-16,,0.0,,
,bánh vegan,2023-04-23,,0.0,,
,bánh vegan,2023-04-30,,0.0,,
,bánh vegan,2023-05-07,,0.0,,
,bánh vegan,2023-05-14,,0.0,,
,bánh vegan,2023-05-21,,0.0,,
,bánh vegan,2023-05-28,,0.0,,
,bánh vegan,2023-06-04,,0.0,,
,bánh vegan,2023-06-11,,0.0,,
,bánh vegan,2023-06-18,,0.0,,
,bánh vegan,2023-06-25,,0.0,,
,bánh vegan,2023-07-02,,0.0,,
,bánh vegan,2023-07-09,,0.0,,
,bánh vegan,2023-07-16,,0.0,,
,bánh vegan,2023-07-23,,0.0,,
,bánh vegan,2023-07-30,,0.0,,
,bánh vegan,2023-08-06,,0.0,,
,bánh vegan,2023-08-13,,0.0,,
,bánh vegan,2023-08-20,,11.0,,
,bánh vegan,2023-08-27,,0.0,,
,bánh vegan,2023-09-03,,0.0,,
,bánh vegan,2023-09-10,,0.0,,
,bánh vegan,2023-09-17,,0.0,,
,bánh vegan,2023-09-24,,0.0,,
,bánh vegan,2023-10-01,,0.0,,
,bánh vegan,2023-10-08,,0.0,,
,bánh vegan,2023-10-15,,0.0,,
,bánh vegan,2023-10-22,,0.0,,
,bánh vegan,2023-10-29,,0.0,,
,bánh vegan,2023-11-05,,0.0,,
,bánh vegan,2023-11-12,,0.0,,
,bánh vegan,2023-11-19,,0.0,,
,bánh vegan,2023-11-26,,0.0,,
,bánh vegan,2023-12-03,,0.0,,
,bánh vegan,2023-12-10,,0.0,,
,bánh vegan,2023-12-17,,0.0,,
,bánh vegan,2023-12-24,,0.0,,
,bánh vegan,2023-12-31,,0.0,,
,bánh vegan,2024-01-07,,0.0,,
,bánh vegan,2024-01-14,,0.0,,
,bánh vegan,2024-01-21,,0.0,,
,bánh vegan,2024-01-28,,0.0,,
,bánh vegan,2024-02-04,,0.0,,
,bánh vegan,2024-02-11,,0.0,,
,bánh vegan,2024-02-18,,0.0,,
,bánh vegan,2024-02-25,,0.0,,
,bánh vegan,2024-03-03,,0.0,,
,bánh vegan,2024-03-10,,0.0,,
,bánh vegan,2024-03-17,,0.0,,
,bánh vegan,2024-03-24,,0.0,,
,bánh vegan,2024-03-31,,0.0,,
,bánh vegan,2024-04-07,,0.0,,
,bánh vegan,2024-04-14,,0.0,,
,bánh vegan,2024-04-21,,0.0,,
,bánh vegan,2024-04-28,,0.0,,
,bánh vegan,2024-05-05,,0.0,,
,bánh vegan,2024-05-12,,0.0,,
,bánh vegan,2024-05-19,,0.0,,
,bánh vegan,2024-05-26,,19.0,,
,bánh vegan,2024-06-02,,0.0,,
,bánh vegan,2024-06-09,,0.0,,
,bánh vegan,2024-06-16,,0.0,,
,bánh vegan,2024-06-23,,0.0,,
,bánh vegan,2024-06-30,,0.0,,
,bánh vegan,2024-07-07,,0.0,,
,bánh vegan,2024-07-14,,0.0,,
,bánh vegan,2024-07-21,,100.0,,
,bánh vegan,2024-07-28,,14.0,,
,bánh vegan,2024-08-04,,0.0,,
,bánh vegan,2024-08-11,,0.0,,
,bánh vegan,2024-08-18,,0.0,,
,bánh vegan,2024-08-25,,0.0,,
,bánh vegan,2024-09-01,,0.0,,
,bánh vegan,2024-09-08,,0.0,,
,bánh vegan,2024-09-15,,0.0,,
,bánh vegan,2024-09-22,,0.0,,
,bánh vegan,2024-09-29,,0.0,,
,bánh vegan,2024-10-06,,0.0,,
,bánh vegan,2024-10-13,,0.0,,
,bánh vegan,2024-10-20,,0.0,,
,bánh vegan,2024-10-27,,0.0,,
,bánh vegan,2024-11-03,,0.0,,
,bánh vegan,2024-11-10,,0.0,,
,bánh vegan,2024-11-17,,0.0,,
,bánh vegan,2024-11-24,,0.0,,
,bánh vegan,2024-12-01,,0.0,,
,bánh vegan,2024-12-08,,0.0,,
,bánh vegan,2024-12-15,,0.0,,
,bánh vegan,2024-12-22,,0.0,,
,bánh vegan,2024-12-29,,0.0,,
,bánh không đường,2023-01-01,,,100.0,
,bánh không đường,2023-01-08,,,97.0,
,bánh không đường,2023-01-15,,,26.0,
,bánh không đường,2023-01-22,,,19.0,
,bánh không đường,2023-01-29,,,48.0,
,bánh không đường,2023-02-05,,,40.0,
,bánh không đường,2023-02-12,,,35.0,
,bánh không đường,2023-02-19,,,33.0,
,bánh không đường,2023-02-26,,,36.0,
,bánh không đường,2023-03-05,,,39.0,
,bánh không đường,2023-03-12,,,43.0,
,bánh không đường,2023-03-19,,,38.0,
,bánh không đường,2023-03-26,,,55.0,
,bánh không đường,2023-04-02,,,38.0,
,bánh không đường,2023-04-09,,,44.0,
,bánh không đường,2023-04-16,,,44.0,
,bánh không đường,2023-04-23,,,48.0,
,bánh không đường,2023-04-30,,,41.0,
,bánh không đường,2023-05-07,,,46.0,
,bánh không đường,2023-05-14,,,37.0,
,bánh không đường,2023-05-21,,,29.0,
,bánh không đường,2023-05-28,,,24.0,
,bánh không đường,2023-06-04,,,27.0,
,bánh không đường,2023-06-11,,,25.0,
,bánh không đường,2023-06-18,,,28.0,
,bánh không đường,2023-06-25,,,26.0,
,bánh không đường,2023-07-02,,,29.0,
,bánh không đường,2023-07-09,,,31.0,
,bánh không đường,2023-07-16,,,27.0,
,bánh không đường,2023-07-23,,,29.0,
,bánh không đường,2023-07-30,,,20.0,
,bánh không đường,2023-08-06,,,35.0,
,bánh không đường,2023-08-13,,,33.0,
,bánh không đường,2023-08-20,,,33.0,
,bánh không đường,2023-08-27,,,26.0,
,bánh không đường,2023-09-03,,,33.0,
,bánh không đường,2023-09-10,,,37.0,
,bánh không đường,2023-09-17,,,40.0,
,bánh không đường,2023-09-24,,,43.0,
,bánh không đường,2023-10-01,,,33.0,
,bánh không đường,2023-10-08,,,35.0,
,bánh không đường,2023-10-15,,,36.0,
,bánh không đường,2023-10-22,,,51.0,
,bánh không đường,2023-10-29,,,45.0,
,bánh không đường,2023-11-05,,,48.0,
,bánh không đường,2023-11-12,,,34.0,
,bánh không đường,2023-11-19,,,32.0,
,bánh không đường,2023-11-26,,,40.0,
,bánh không đường,2023-12-03,,,39.0,
,bánh không đường,2023-12-10,,,39.0,
,bánh không đường,2023-12-17,,,40.0,
,bánh không đường,2023-12-24,,,32.0,
,bánh không đường,2023-12-31,,,31.0,
,bánh không đường,2024-01-07,,,28.0,
,bánh không đường,2024-01-14,,,27.0,
,bánh không đường,2024-01-21,,,26.0,
,bánh không đường,2024-01-28,,,21.0,
,bánh không đường,2024-02-04,,,26.0,
,bánh không đường,2024-02-11,,,21.0,
,bánh không đường,2024-02-18,,,32.0,
,bánh không đường,2024-02-25,,,34.0,
,bánh không đường,2024-03-03,,,40.0,
,bánh không đường,2024-03-10,,,39.0,
,bánh không đường,2024-03-17,,,45.0,
,bánh không đường,2024-03-24,,,29.0,
,bánh không đường,2024-03-31,,,29.0,
,bánh không đường,2024-04-07,,,40.0,
,bánh không đường,2024-04-14,,,30.0,
,bánh không đường,2024-04-21,,,48.0,
,bánh không đường,2024-04-28,,,43.0,
,bánh không đường,2024-05-05,,,44.0,
,bánh không đường,2024-05-12,,,34.0,
,bánh không đường,2024-05-19,,,27.0,
,bánh không đường,2024-05-26,,,24.0,
,bánh không đường,2024-06-02,,,27.0,
,bánh không đường,2024-06-09,,,24.0,
,bánh không đường,2024-06-16,,,21.0,
,bánh không đường,2024-06-23,,,27.0,
,bánh không đường,2024-06-30,,,27.0,
,bánh không đường,2024-07-07,,,30.0,
,bánh không đường,2024-07-14,,,25.0,
,bánh không đường,2024-07-21,,,29.0,
,bánh không đường,2024-07-28,,,33.0,
,bánh không đường,2024-08-04,,,29.0,
,bánh không đường,2024-08-11,,,34.0,
,bánh không đường,2024-08-18,,,31.0,
,bánh không đường,2024-08-25,,,31.0,
,bánh không đường,2024-09-01,,,36.0,
,bánh không đường,2024-09-08,,,43.0,
,bánh không đường,2024-09-15,,,41.0,
,bánh không đường,2024-09-22,,,46.0,
,bánh không đường,2024-09-29,,,48.0,
,bánh không đường,2024-10-06,,,48.0,
,bánh không đường,2024-10-13,,,52.0,
,bánh không đường,2024-10-20,,,64.0,
,bánh không đường,2024-10-27,,,61.0,
,bánh không đường,2024-11-03,,,53.0,
,bánh không đường,2024-11-10,,,41.0,
,bánh không đường,2024-11-17,,,34.0,
,bánh không đường,2024-11-24,,,34.0,
,bánh không đường,2024-12-01,,,44.0,
,bánh không đường,2024-12-08,,,62.0,
,bánh không đường,2024-12-15,,,56.0,
,bánh không đường,2024-12-22,,,45.0,
,bánh không đường,2024-12-29,,,44.0,
,bánh truyền thống,2023-01-01,,,,66.0
,bánh truyền thống,2023-01-08,,,,69.0
,bánh truyền thống,2023-01-15,,,,60.0
,bánh truyền thống,2023-01-22,,,,22.0
,bánh truyền thống,2023-01-29,,,,34.0
,bánh truyền thống,2023-02-05,,,,30.0
,bánh truyền thống,2023-02-12,,,,55.0
,bánh truyền thống,2023-02-19,,,,53.0
,bánh truyền thống,2023-02-26,,,,60.0
,bánh truyền thống,2023-03-05,,,,62.0
,bánh truyền thống,2023-03-12,,,,77.0
,bánh truyền thống,2023-03-19,,,,66.0
,bánh truyền thống,2023-03-26,,,,58.0
,bánh truyền thống,2023-04-02,,,,65.0
,bánh truyền thống,2023-04-09,,,,50.0
,bánh truyền thống,2023-04-16,,,,88.0
,bánh truyền thống,2023-04-23,,,,90.0
,bánh truyền thống,2023-04-30,,,,78.0
,bánh truyền thống,2023-05-07,,,,62.0
,bánh truyền thống,2023-05-14,,,,44.0
,bánh truyền thống,2023-05-21,,,,33.0
,bánh truyền thống,2023-05-28,,,,24.0
,bánh truyền thống,2023-06-04,,,,22.0
,bánh truyền thống,2023-06-11,,,,24.0
,bánh truyền thống,2023-06-18,,,,30.0
,bánh truyền thống,2023-06-25,,,,28.0
,bánh truyền thống,2023-07-02,,,,30.0
,bánh truyền thống,2023-07-09,,,,31.0
,bánh truyền thống,2023-07-16,,,,34.0
,bánh truyền thống,2023-07-23,,,,26.0
,bánh truyền thống,2023-07-30,,,,27.0
,bánh truyền thống,2023-08-06,,,,33.0
,bánh truyền thống,2023-08-13,,,,38.0
,bánh truyền thống,2023-08-20,,,,43.0
,bánh truyền thống,2023-08-27,,,,40.0
,bánh truyền thống,2023-09-03,,,,40.0
,bánh truyền thống,2023-09-10,,,,61.0
,bánh truyền thống,2023-09-17,,,,100.0
,bánh truyền thống,2023-09-24,,,,91.0
,bánh truyền thống,2023-10-01,,,,60.0
,bánh truyền thống,2023-10-08,,,,64.0
,bánh truyền thống,2023-10-15,,,,99.0
,bánh truyền thống,2023-10-22,,,,73.0
,bánh truyền thống,2023-10-29,,,,63.0
,bánh truyền thống,2023-11-05,,,,54.0
,bánh truyền thống,2023-11-12,,,,33.0
,bánh truyền thống,2023-11-19,,,,45.0
,bánh truyền thống,2023-11-26,,,,56.0
,bánh truyền thống,2023-12-03,,,,52.0
,bánh truyền thống,2023-12-10,,,,59.0
,bánh truyền thống,2023-12-17,,,,66.0
,bánh truyền thống,2023-12-24,,,,59.0
,bánh truyền thống,2023-12-31,,,,55.0
,bánh truyền thống,2024-01-07,,,,50.0
,bánh truyền thống,2024-01-14,,,,88.0
,bánh truyền thống,2024-01-21,,,,68.0
,bánh truyền thống,2024-01-28,,,,67.0
,bánh truyền thống,2024-02-04,,,,96.0
,bánh truyền thống,2024-02-11,,,,41.0
,bánh truyền thống,2024-02-18,,,,53.0
,bánh truyền thống,2024-02-25,,,,58.0
,bánh truyền thống,2024-03-03,,,,66.0
,bánh truyền thống,2024-03-10,,,,56.0
,bánh truyền thống,2024-03-17,,,,64.0
,bánh truyền thống,2024-03-24,,,,46.0
,bánh truyền thống,2024-03-31,,,,41.0
,bánh truyền thống,2024-04-07,,,,60.0
,bánh truyền thống,2024-04-14,,,,57.0
,bánh truyền thống,2024-04-21,,,,69.0
,bánh truyền thống,2024-04-28,,,,59.0
,bánh truyền thống,2024-05-05,,,,95.0
,bánh truyền thống,2024-05-12,,,,42.0
,bánh truyền thống,2024-05-19,,,,33.0
,bánh truyền thống,2024-05-26,,,,27.0
,bánh truyền thống,2024-06-02,,,,30.0
,bánh truyền thống,2024-06-09,,,,27.0
,bánh truyền thống,2024-06-16,,,,37.0
,bánh truyền thống,2024-06-23,,,,24.0
,bánh truyền thống,2024-06-30,,,,28.0
,bánh truyền thống,2024-07-07,,,,40.0
,bánh truyền thống,2024-07-14,,,,30.0
,bánh truyền thống,2024-07-21,,,,29.0
,bánh truyền thống,2024-07-28,,,,32.0
,bánh truyền thống,2024-08-04,,,,32.0
,bánh truyền thống,2024-08-11,,,,44.0
,bánh truyền thống,2024-08-18,,,,41.0
,bánh truyền thống,2024-08-25,,,,44.0
,bánh truyền thống,2024-09-01,,,,58.0
,bánh truyền thống,2024-09-08,,,,74.0
,bánh truyền thống,2024-09-15,,,,88.0
,bánh truyền thống,2024-09-22,,,,77.0
,bánh truyền thống,2024-09-29,,,,60.0
,bánh truyền thống,2024-10-06,,,,55.0
,bánh truyền thống,2024-10-13,,,,84.0
,bánh truyền thống,2024-10-20,,,,87.0
,bánh truyền thống,2024-10-27,,,,75.0
,bánh truyền thống,2024-11-03,,,,58.0
,bánh truyền thống,2024-11-10,,,,56.0
,bánh truyền thống,2024-11-17,,,,59.0
,bánh truyền thống,2024-11-24,,,,58.0
,bánh truyền thống,2024-12-01,,,,63.0
,bánh truyền thống,2024-12-08,,,,69.0
,bánh truyền thống,2024-12-15,,,,71.0
,bánh truyền thống,2024-12-22,,,,82.0
,bánh truyền thống,2024-12-29,,,,71.0
