date,ecommerce_total_revenue,ecommerce_avg_price,ecommerce_total_volume,ecommerce_seller_count,ecommerce_market_competition,ecommerce_price_trend,ecommerce_market_heat,online_vs_offline_ratio,delivery_demand_score
2023-01-01,2599540908735,152896.82539682538,17436117,176,0.68,stable,hot,0.38,81
2023-01-02,2561569543754,152894.23076923078,17253897,176,0.73,stable,hot,0.37,64
2023-01-03,2561569543754,152894.23076923078,17253897,176,0.76,stable,hot,0.35,60
2023-01-04,2561569543754,152894.23076923078,17253897,176,0.81,stable,hot,0.39,70
2023-01-05,2561569543754,152894.23076923078,17253897,176,0.65,stable,hot,0.2,62
2023-01-06,2561569543754,152894.23076923078,17253897,176,0.66,stable,hot,0.23,61
2023-01-07,2561569543754,152894.23076923078,17253897,176,0.77,stable,hot,0.38,72
2023-01-08,2561569543754,152894.23076923078,17253897,176,0.6,stable,hot,0.26,67
2023-01-09,2542875906086,152967.63754045308,17078882,176,0.88,stable,hot,0.24,75
2023-01-10,2542875906086,152967.63754045308,17078882,176,0.68,stable,hot,0.39,84
2023-01-11,2542875906086,152967.63754045308,17078882,176,0.77,stable,hot,0.31,78
2023-01-12,2542875906086,152967.63754045308,17078882,176,0.64,stable,hot,0.21,66
2023-01-13,2542875906086,152967.63754045308,17078882,176,0.76,stable,hot,0.33,65
2023-01-14,2542875906086,152967.63754045308,17078882,176,0.83,stable,hot,0.32,68
2023-01-15,2542875906086,152967.63754045308,17078882,176,0.73,stable,hot,0.34,79
2023-01-16,2528554771730,153084.96732026144,16945237,176,0.67,stable,hot,0.26,65
2023-01-17,2528554771730,153084.96732026144,16945237,176,0.86,stable,hot,0.24,84
2023-01-18,2528554771730,153084.96732026144,16945237,176,0.87,stable,hot,0.26,77
2023-01-19,2528554771730,153084.96732026144,16945237,176,0.62,stable,hot,0.28,60
2023-01-20,2528554771730,153084.96732026144,16945237,176,0.82,stable,hot,0.35,62
2023-01-21,2528554771730,153084.96732026144,16945237,176,0.72,stable,hot,0.38,83
2023-01-22,2528554771730,153084.96732026144,16945237,176,0.8,stable,hot,0.32,83
2023-01-23,2485753465490,153140.26402640264,16676214,176,0.81,stable,hot,0.22,76
2023-01-24,2485753465490,153140.26402640264,16676214,176,0.63,stable,hot,0.31,88
2023-01-25,2485753465490,153140.26402640264,16676214,176,0.65,stable,hot,0.39,92
2023-01-26,2485753465490,153140.26402640264,16676214,176,0.66,stable,hot,0.24,69
2023-01-27,2485753465490,153140.26402640264,16676214,176,0.89,stable,hot,0.37,95
2023-01-28,2485753465490,153140.26402640264,16676214,176,0.73,stable,hot,0.39,63
2023-01-29,2485753465490,153140.26402640264,16676214,176,0.6,stable,hot,0.3,93
2023-01-30,2456659017075,153201.66666666666,16503394,176,0.89,stable,hot,0.4,80
2023-01-31,2456659017075,153201.66666666666,16503394,176,0.81,stable,hot,0.31,66
2023-02-01,2456659017075,153201.66666666666,16503394,176,0.81,stable,hot,0.29,81
2023-02-02,2456659017075,153201.66666666666,16503394,176,0.63,stable,hot,0.26,74
2023-02-03,2456659017075,153201.66666666666,16503394,176,0.84,stable,hot,0.25,67
2023-02-04,2456659017075,153201.66666666666,16503394,176,0.69,stable,hot,0.22,86
2023-02-05,2456659017075,153201.66666666666,16503394,176,0.73,stable,hot,0.32,76
2023-02-06,2430519518961,153286.1952861953,16344451,176,0.84,stable,hot,0.21,91
2023-02-07,2430519518961,153286.1952861953,16344451,176,0.65,stable,hot,0.39,92
2023-02-08,2430519518961,153286.1952861953,16344451,176,0.81,stable,hot,0.34,72
2023-02-09,2430519518961,153286.1952861953,16344451,176,0.85,stable,hot,0.28,83
2023-02-10,2430519518961,153286.1952861953,16344451,176,0.76,stable,hot,0.39,62
2023-02-11,2430519518961,153286.1952861953,16344451,176,0.85,stable,hot,0.38,67
2023-02-12,2430519518961,153286.1952861953,16344451,176,0.69,stable,hot,0.39,76
2023-02-13,2393072456178,153299.31972789115,16207824,176,0.66,stable,hot,0.35,80
2023-02-14,2393072456178,153299.31972789115,16207824,176,0.6,stable,hot,0.22,93
2023-02-15,2393072456178,153299.31972789115,16207824,176,0.71,stable,hot,0.26,60
2023-02-16,2393072456178,153299.31972789115,16207824,176,0.78,stable,hot,0.28,80
2023-02-17,2393072456178,153299.31972789115,16207824,176,0.7,stable,hot,0.23,88
2023-02-18,2393072456178,153299.31972789115,16207824,176,0.63,stable,hot,0.27,91
2023-02-19,2393072456178,153299.31972789115,16207824,176,0.87,stable,hot,0.26,65
2023-02-20,2364924465113,153300.68728522336,16061649,176,0.62,stable,hot,0.38,90
2023-02-21,2364924465113,153300.68728522336,16061649,176,0.85,stable,hot,0.32,64
2023-02-22,2364924465113,153300.68728522336,16061649,176,0.72,stable,hot,0.38,61
2023-02-23,2364924465113,153300.68728522336,16061649,176,0.83,stable,hot,0.28,70
2023-02-24,2364924465113,153300.68728522336,16061649,176,0.73,stable,hot,0.36,88
2023-02-25,2364924465113,153300.68728522336,16061649,176,0.84,stable,hot,0.31,88
2023-02-26,2364924465113,153300.68728522336,16061649,176,0.81,stable,hot,0.35,65
2023-02-27,2336932560471,153329.86111111112,15922593,177,0.64,stable,hot,0.36,66
2023-02-28,2336932560471,153329.86111111112,15922593,177,0.69,stable,hot,0.31,92
2023-03-01,2336932560471,153329.86111111112,15922593,177,0.89,stable,hot,0.35,76
2023-03-02,2336932560471,153329.86111111112,15922593,177,0.66,stable,hot,0.29,71
2023-03-03,2336932560471,153329.86111111112,15922593,177,0.69,stable,hot,0.27,75
2023-03-04,2336932560471,153329.86111111112,15922593,177,0.82,stable,hot,0.29,91
2023-03-05,2336932560471,153329.86111111112,15922593,177,0.89,stable,hot,0.29,81
2023-03-06,2313083048599,153336.84210526315,15769647,176,0.73,stable,hot,0.34,81
2023-03-07,2313083048599,153336.84210526315,15769647,176,0.7,stable,hot,0.28,83
2023-03-08,2313083048599,153336.84210526315,15769647,176,0.83,stable,hot,0.35,73
2023-03-09,2313083048599,153336.84210526315,15769647,176,0.7,stable,hot,0.22,92
2023-03-10,2313083048599,153336.84210526315,15769647,176,0.87,stable,hot,0.28,72
2023-03-11,2313083048599,153336.84210526315,15769647,176,0.77,stable,hot,0.25,91
2023-03-12,2313083048599,153336.84210526315,15769647,176,0.7,stable,hot,0.3,81
2023-03-13,2289240540986,153418.43971631204,15598164,176,0.61,stable,hot,0.4,85
2023-03-14,2289240540986,153418.43971631204,15598164,176,0.89,stable,hot,0.26,85
2023-03-15,2289240540986,153418.43971631204,15598164,176,0.86,stable,hot,0.27,68
2023-03-16,2289240540986,153418.43971631204,15598164,176,0.75,stable,hot,0.22,80
2023-03-17,2289240540986,153418.43971631204,15598164,176,0.71,stable,hot,0.36,67
2023-03-18,2289240540986,153418.43971631204,15598164,176,0.77,stable,hot,0.37,89
2023-03-19,2289240540986,153418.43971631204,15598164,176,0.72,stable,hot,0.27,90
2023-03-20,2264833221098,153456.98924731184,15409012,176,0.68,stable,hot,0.26,69
2023-03-21,2264833221098,153456.98924731184,15409012,176,0.73,stable,hot,0.21,72
2023-03-22,2264833221098,153456.98924731184,15409012,176,0.76,stable,hot,0.39,75
2023-03-23,2264833221098,153456.98924731184,15409012,176,0.87,stable,hot,0.26,70
2023-03-24,2264833221098,153456.98924731184,15409012,176,0.67,stable,hot,0.39,87
2023-03-25,2264833221098,153456.98924731184,15409012,176,0.68,stable,hot,0.27,90
2023-03-26,2264833221098,153456.98924731184,15409012,176,0.88,stable,hot,0.36,64
2023-03-27,2252986873420,153438.40579710144,15250644,176,0.88,stable,hot,0.38,66
2023-03-28,2252986873420,153438.40579710144,15250644,176,0.88,stable,hot,0.2,91
2023-03-29,2252986873420,153438.40579710144,15250644,176,0.86,stable,hot,0.33,91
2023-03-30,2252986873420,153438.40579710144,15250644,176,0.69,stable,hot,0.3,78
2023-03-31,2252986873420,153438.40579710144,15250644,176,0.85,stable,hot,0.25,89
2023-04-01,2252986873420,153438.40579710144,15250644,176,0.87,stable,hot,0.23,92
2023-04-02,2252986873420,153438.40579710144,15250644,176,0.83,stable,hot,0.24,85
2023-04-03,2234010004801,153452.38095238095,15135347,176,0.71,stable,hot,0.32,79
2023-04-04,2234010004801,153452.38095238095,15135347,176,0.76,stable,hot,0.36,89
2023-04-05,2234010004801,153452.38095238095,15135347,176,0.86,stable,hot,0.21,79
2023-04-06,2234010004801,153452.38095238095,15135347,176,0.7,stable,hot,0.31,85
2023-04-07,2234010004801,153452.38095238095,15135347,176,0.69,stable,hot,0.39,66
2023-04-08,2234010004801,153452.38095238095,15135347,176,0.9,stable,hot,0.23,75
2023-04-09,2234010004801,153452.38095238095,15135347,176,0.75,stable,hot,0.27,81
2023-04-10,2201491640346,153557.40740740742,14968546,176,0.84,stable,hot,0.36,91
2023-04-11,2201491640346,153557.40740740742,14968546,176,0.62,stable,hot,0.31,60
2023-04-12,2201491640346,153557.40740740742,14968546,176,0.61,stable,hot,0.39,86
2023-04-13,2201491640346,153557.40740740742,14968546,176,0.76,stable,hot,0.29,80
2023-04-14,2201491640346,153557.40740740742,14968546,176,0.75,stable,hot,0.27,76
2023-04-15,2201491640346,153557.40740740742,14968546,176,0.76,stable,hot,0.37,83
2023-04-16,2201491640346,153557.40740740742,14968546,176,0.6,stable,hot,0.3,88
2023-04-17,2189134105622,153606.7415730337,14866953,176,0.61,stable,hot,0.31,64
2023-04-18,2189134105622,153606.7415730337,14866953,176,0.75,stable,hot,0.29,78
2023-04-19,2189134105622,153606.7415730337,14866953,176,0.8,stable,hot,0.35,82
2023-04-20,2189134105622,153606.7415730337,14866953,176,0.88,stable,hot,0.36,74
2023-04-21,2189134105622,153606.7415730337,14866953,176,0.64,stable,hot,0.22,71
2023-04-22,2189134105622,153606.7415730337,14866953,176,0.75,stable,hot,0.2,89
2023-04-23,2189134105622,153606.7415730337,14866953,176,0.9,stable,hot,0.23,84
2023-04-24,2180479745565,153634.4696969697,14767261,177,0.72,stable,hot,0.37,76
2023-04-25,2180479745565,153634.4696969697,14767261,177,0.82,stable,hot,0.33,89
2023-04-26,2180479745565,153634.4696969697,14767261,177,0.85,stable,hot,0.21,64
2023-04-27,2180479745565,153634.4696969697,14767261,177,0.74,stable,hot,0.28,67
2023-04-28,2180479745565,153634.4696969697,14767261,177,0.87,stable,hot,0.27,77
2023-04-29,2180479745565,153634.4696969697,14767261,177,0.82,stable,hot,0.29,91
2023-04-30,2180479745565,153634.4696969697,14767261,177,0.86,stable,hot,0.39,64
2023-05-01,2154347090767,153747.1264367816,14590297,176,0.81,stable,hot,0.22,70
2023-05-02,2154347090767,153747.1264367816,14590297,176,0.89,stable,hot,0.36,72
2023-05-03,2154347090767,153747.1264367816,14590297,176,0.84,stable,hot,0.2,62
2023-05-04,2154347090767,153747.1264367816,14590297,176,0.79,stable,hot,0.26,71
2023-05-05,2154347090767,153747.1264367816,14590297,176,0.82,stable,hot,0.28,84
2023-05-06,2154347090767,153747.1264367816,14590297,176,0.64,stable,hot,0.34,74
2023-05-07,2154347090767,153747.1264367816,14590297,176,0.73,stable,hot,0.3,69
2023-05-08,2134619102403,153788.75968992247,14460601,176,0.84,stable,hot,0.36,74
2023-05-09,2134619102403,153788.75968992247,14460601,176,0.62,stable,hot,0.23,71
2023-05-10,2134619102403,153788.75968992247,14460601,176,0.61,stable,hot,0.34,73
2023-05-11,2134619102403,153788.75968992247,14460601,176,0.86,stable,hot,0.26,66
2023-05-12,2134619102403,153788.75968992247,14460601,176,0.7,stable,hot,0.21,82
2023-05-13,2134619102403,153788.75968992247,14460601,176,0.61,stable,hot,0.31,66
2023-05-14,2134619102403,153788.75968992247,14460601,176,0.84,stable,hot,0.37,93
2023-05-15,2112884175886,153847.0588235294,14340606,176,0.8,stable,hot,0.36,80
2023-05-16,2112884175886,153847.0588235294,14340606,176,0.64,stable,hot,0.33,90
2023-05-17,2112884175886,153847.0588235294,14340606,176,0.7,stable,hot,0.31,79
2023-05-18,2112884175886,153847.0588235294,14340606,176,0.87,stable,hot,0.35,69
2023-05-19,2112884175886,153847.0588235294,14340606,176,0.82,stable,hot,0.31,89
2023-05-20,2112884175886,153847.0588235294,14340606,176,0.68,stable,hot,0.34,90
2023-05-21,2112884175886,153847.0588235294,14340606,176,0.72,stable,hot,0.21,82
2023-05-22,2095505917451,153859.12698412698,14217800,177,0.7,stable,hot,0.28,79
2023-05-23,2095505917451,153859.12698412698,14217800,177,0.65,stable,hot,0.33,85
2023-05-24,2095505917451,153859.12698412698,14217800,177,0.72,stable,hot,0.39,66
2023-05-25,2095505917451,153859.12698412698,14217800,177,0.74,stable,hot,0.38,74
2023-05-26,2095505917451,153859.12698412698,14217800,177,0.64,stable,hot,0.22,76
2023-05-27,2095505917451,153859.12698412698,14217800,177,0.63,stable,hot,0.32,73
2023-05-28,2095505917451,153859.12698412698,14217800,177,0.76,stable,hot,0.22,92
2023-05-29,2074239169071,153941.7670682731,14068513,177,0.75,stable,hot,0.27,69
2023-05-30,2074239169071,153941.7670682731,14068513,177,0.71,stable,hot,0.33,66
2023-05-31,2074239169071,153941.7670682731,14068513,177,0.85,stable,hot,0.27,86
2023-06-01,2074239169071,153941.7670682731,14068513,177,0.84,stable,hot,0.39,64
2023-06-02,2074239169071,153941.7670682731,14068513,177,0.8,stable,hot,0.2,74
2023-06-03,2074239169071,153941.7670682731,14068513,177,0.87,stable,hot,0.28,61
2023-06-04,2074239169071,153941.7670682731,14068513,177,0.88,stable,hot,0.29,95
2023-06-05,2060310765348,154034.55284552847,13977821,177,0.72,stable,hot,0.23,93
2023-06-06,2060310765348,154034.55284552847,13977821,177,0.62,stable,hot,0.3,66
2023-06-07,2060310765348,154034.55284552847,13977821,177,0.81,stable,hot,0.31,89
2023-06-08,2060310765348,154034.55284552847,13977821,177,0.65,stable,hot,0.27,67
2023-06-09,2060310765348,154034.55284552847,13977821,177,0.61,stable,hot,0.36,94
2023-06-10,2060310765348,154034.55284552847,13977821,177,0.66,stable,hot,0.37,74
2023-06-11,2060310765348,154034.55284552847,13977821,177,0.82,stable,hot,0.4,93
2023-06-12,2042656688858,154098.76543209876,13816697,177,0.88,stable,hot,0.27,73
2023-06-13,2042656688858,154098.76543209876,13816697,177,0.61,stable,hot,0.37,92
2023-06-14,2042656688858,154098.76543209876,13816697,177,0.81,stable,hot,0.29,85
2023-06-15,2042656688858,154098.76543209876,13816697,177,0.61,stable,hot,0.32,65
2023-06-16,2042656688858,154098.76543209876,13816697,177,0.66,stable,hot,0.29,78
2023-06-17,2042656688858,154098.76543209876,13816697,177,0.65,stable,hot,0.37,87
2023-06-18,2042656688858,154098.76543209876,13816697,177,0.66,stable,hot,0.23,60
2023-06-19,2003879239169,154058.33333333334,13643466,177,0.72,stable,hot,0.33,94
2023-06-20,2003879239169,154058.33333333334,13643466,177,0.7,stable,hot,0.35,87
2023-06-21,2003879239169,154058.33333333334,13643466,177,0.64,stable,hot,0.35,80
2023-06-22,2003879239169,154058.33333333334,13643466,177,0.78,stable,hot,0.29,83
2023-06-23,2003879239169,154058.33333333334,13643466,177,0.77,stable,hot,0.32,92
2023-06-24,2003879239169,154058.33333333334,13643466,177,0.88,stable,hot,0.34,61
2023-06-25,2003879239169,154058.33333333334,13643466,177,0.86,stable,hot,0.25,88
2023-06-26,1978013086492,154113.92405063292,13440324,176,0.89,stable,hot,0.25,72
2023-06-27,1978013086492,154113.92405063292,13440324,176,0.72,stable,hot,0.3,82
2023-06-28,1978013086492,154113.92405063292,13440324,176,0.68,stable,hot,0.23,91
2023-06-29,1978013086492,154113.92405063292,13440324,176,0.73,stable,hot,0.3,82
2023-06-30,1978013086492,154113.92405063292,13440324,176,0.68,stable,hot,0.38,63
2023-07-01,1978013086492,154113.92405063292,13440324,176,0.88,stable,hot,0.32,95
2023-07-02,1978013086492,154113.92405063292,13440324,176,0.73,stable,hot,0.3,60
2023-07-03,1951913583707,154091.88034188034,13232988,176,0.7,stable,hot,0.2,60
2023-07-04,1951913583707,154091.88034188034,13232988,176,0.8,stable,hot,0.36,90
2023-07-05,1951913583707,154091.88034188034,13232988,176,0.6,stable,hot,0.36,83
2023-07-06,1951913583707,154091.88034188034,13232988,176,0.81,stable,hot,0.24,70
2023-07-07,1951913583707,154091.88034188034,13232988,176,0.65,stable,hot,0.22,90
2023-07-08,1951913583707,154091.88034188034,13232988,176,0.78,stable,hot,0.25,60
2023-07-09,1951913583707,154091.88034188034,13232988,176,0.87,stable,hot,0.33,77
2023-07-10,1935734226658,154166.66666666666,13049681,176,0.67,stable,hot,0.21,62
2023-07-11,1935734226658,154166.66666666666,13049681,176,0.73,stable,hot,0.21,73
2023-07-12,1935734226658,154166.66666666666,13049681,176,0.72,stable,hot,0.25,85
2023-07-13,1935734226658,154166.66666666666,13049681,176,0.75,stable,hot,0.29,69
2023-07-14,1935734226658,154166.66666666666,13049681,176,0.64,stable,hot,0.26,72
2023-07-15,1935734226658,154166.66666666666,13049681,176,0.71,stable,hot,0.28,70
2023-07-16,1935734226658,154166.66666666666,13049681,176,0.67,stable,hot,0.22,91
2023-07-17,1922416289085,154184.2105263158,12919598,177,0.82,stable,hot,0.22,79
2023-07-18,1922416289085,154184.2105263158,12919598,177,0.62,stable,hot,0.28,64
2023-07-19,1922416289085,154184.2105263158,12919598,177,0.81,stable,hot,0.39,75
2023-07-20,1922416289085,154184.2105263158,12919598,177,0.66,stable,hot,0.35,62
2023-07-21,1922416289085,154184.2105263158,12919598,177,0.81,stable,hot,0.26,76
2023-07-22,1922416289085,154184.2105263158,12919598,177,0.85,stable,hot,0.29,79
2023-07-23,1922416289085,154184.2105263158,12919598,177,0.88,stable,hot,0.38,67
2023-07-24,1908164696900,154224.44444444444,12684610,176,0.86,stable,hot,0.34,64
2023-07-25,1908164696900,154224.44444444444,12684610,176,0.77,stable,hot,0.25,85
2023-07-26,1908164696900,154224.44444444444,12684610,176,0.62,stable,hot,0.35,78
2023-07-27,1908164696900,154224.44444444444,12684610,176,0.81,stable,hot,0.39,88
2023-07-28,1908164696900,154224.44444444444,12684610,176,0.72,stable,hot,0.32,77
2023-07-29,1908164696900,154224.44444444444,12684610,176,0.68,stable,hot,0.24,73
2023-07-30,1908164696900,154224.44444444444,12684610,176,0.61,stable,hot,0.35,72
2023-07-31,1891378012419,154259.00900900902,12499417,176,0.68,stable,hot,0.24,85
2023-08-01,1891378012419,154259.00900900902,12499417,176,0.85,stable,hot,0.26,89
2023-08-02,1891378012419,154259.00900900902,12499417,176,0.79,stable,hot,0.33,85
2023-08-03,1891378012419,154259.00900900902,12499417,176,0.71,stable,hot,0.38,91
2023-08-04,1891378012419,154259.00900900902,12499417,176,0.87,stable,hot,0.31,71
2023-08-05,1891378012419,154259.00900900902,12499417,176,0.88,stable,hot,0.35,79
2023-08-06,1891378012419,154259.00900900902,12499417,176,0.65,stable,hot,0.36,93
2023-08-07,1869654807472,154310.50228310502,12336562,176,0.67,stable,hot,0.39,66
2023-08-08,1869654807472,154310.50228310502,12336562,176,0.67,stable,hot,0.35,63
2023-08-09,1869654807472,154310.50228310502,12336562,176,0.65,stable,hot,0.32,66
2023-08-10,1869654807472,154310.50228310502,12336562,176,0.9,stable,hot,0.26,75
2023-08-11,1869654807472,154310.50228310502,12336562,176,0.77,stable,hot,0.36,74
2023-08-12,1869654807472,154310.50228310502,12336562,176,0.82,stable,hot,0.3,80
2023-08-13,1869654807472,154310.50228310502,12336562,176,0.8,stable,hot,0.24,72
2023-08-14,1860980595552,154446.75925925927,12251683,176,0.7,stable,hot,0.24,87
2023-08-15,1860980595552,154446.75925925927,12251683,176,0.65,stable,hot,0.24,92
2023-08-16,1860980595552,154446.75925925927,12251683,176,0.65,stable,hot,0.28,85
2023-08-17,1860980595552,154446.75925925927,12251683,176,0.76,stable,hot,0.38,66
2023-08-18,1860980595552,154446.75925925927,12251683,176,0.69,stable,hot,0.33,67
2023-08-19,1860980595552,154446.75925925927,12251683,176,0.76,stable,hot,0.37,60
2023-08-20,1860980595552,154446.75925925927,12251683,176,0.84,stable,hot,0.34,79
2023-08-21,1830606748260,154629.10798122064,11994158,176,0.75,stable,hot,0.22,90
2023-08-22,1830606748260,154629.10798122064,11994158,176,0.88,stable,hot,0.28,89
2023-08-23,1830606748260,154629.10798122064,11994158,176,0.82,stable,hot,0.34,89
2023-08-24,1830606748260,154629.10798122064,11994158,176,0.82,stable,hot,0.4,67
2023-08-25,1830606748260,154629.10798122064,11994158,176,0.8,stable,hot,0.34,76
2023-08-26,1830606748260,154629.10798122064,11994158,176,0.88,stable,hot,0.32,78
2023-08-27,1830606748260,154629.10798122064,11994158,176,0.64,stable,hot,0.38,64
2023-08-28,1810061515735,154700.0,11823011,176,0.67,stable,hot,0.21,78
2023-08-29,1810061515735,154700.0,11823011,176,0.89,stable,hot,0.32,79
2023-08-30,1810061515735,154700.0,11823011,176,0.88,stable,hot,0.34,85
2023-08-31,1810061515735,154700.0,11823011,176,0.62,stable,hot,0.39,87
2023-09-01,1810061515735,154700.0,11823011,176,0.75,stable,hot,0.32,79
2023-09-02,1810061515735,154700.0,11823011,176,0.73,stable,hot,0.25,65
2023-09-03,1810061515735,154700.0,11823011,176,0.86,stable,hot,0.22,86
2023-09-04,1784183413329,154685.99033816427,11706085,176,0.82,stable,hot,0.4,74
2023-09-05,1784183413329,154685.99033816427,11706085,176,0.83,stable,hot,0.28,92
2023-09-06,1784183413329,154685.99033816427,11706085,176,0.81,stable,hot,0.28,77
2023-09-07,1784183413329,154685.99033816427,11706085,176,0.83,stable,hot,0.35,80
2023-09-08,1784183413329,154685.99033816427,11706085,176,0.68,stable,hot,0.36,94
2023-09-09,1784183413329,154685.99033816427,11706085,176,0.61,stable,hot,0.32,74
2023-09-10,1784183413329,154685.99033816427,11706085,176,0.81,stable,hot,0.3,74
2023-09-11,1751694461927,154740.19607843139,11550730,176,0.67,stable,hot,0.26,69
2023-09-12,1751694461927,154740.19607843139,11550730,176,0.72,stable,hot,0.33,71
2023-09-13,1751694461927,154740.19607843139,11550730,176,0.73,stable,hot,0.34,60
2023-09-14,1751694461927,154740.19607843139,11550730,176,0.88,stable,hot,0.3,82
2023-09-15,1751694461927,154740.19607843139,11550730,176,0.81,stable,hot,0.37,77
2023-09-16,1751694461927,154740.19607843139,11550730,176,0.88,stable,hot,0.36,72
2023-09-17,1751694461927,154740.19607843139,11550730,176,0.87,stable,hot,0.3,70
2023-09-18,1731294605491,154738.80597014926,11454146,177,0.66,stable,hot,0.34,67
2023-09-19,1731294605491,154738.80597014926,11454146,177,0.86,stable,hot,0.38,75
2023-09-20,1731294605491,154738.80597014926,11454146,177,0.63,stable,hot,0.32,88
2023-09-21,1731294605491,154738.80597014926,11454146,177,0.76,stable,hot,0.33,65
2023-09-22,1731294605491,154738.80597014926,11454146,177,0.8,stable,hot,0.39,93
2023-09-23,1731294605491,154738.80597014926,11454146,177,0.87,stable,hot,0.3,71
2023-09-24,1731294605491,154738.80597014926,11454146,177,0.81,stable,hot,0.21,72
2023-09-25,1707721637328,154780.30303030304,11287724,177,0.81,stable,hot,0.32,62
2023-09-26,1707721637328,154780.30303030304,11287724,177,0.89,stable,hot,0.37,85
2023-09-27,1707721637328,154780.30303030304,11287724,177,0.73,stable,hot,0.39,65
2023-09-28,1707721637328,154780.30303030304,11287724,177,0.68,stable,hot,0.27,61
2023-09-29,1707721637328,154780.30303030304,11287724,177,0.77,stable,hot,0.35,78
2023-09-30,1707721637328,154780.30303030304,11287724,177,0.74,stable,hot,0.21,85
2023-10-01,1707721637328,154780.30303030304,11287724,177,0.75,stable,hot,0.29,73
2023-10-02,1695395148493,154717.94871794872,11189078,178,0.66,stable,hot,0.3,84
2023-10-03,1695395148493,154717.94871794872,11189078,178,0.76,stable,hot,0.21,74
2023-10-04,1695395148493,154717.94871794872,11189078,178,0.81,stable,hot,0.37,90
2023-10-05,1695395148493,154717.94871794872,11189078,178,0.85,stable,hot,0.2,77
2023-10-06,1695395148493,154717.94871794872,11189078,178,0.74,stable,hot,0.31,65
2023-10-07,1695395148493,154717.94871794872,11189078,178,0.65,stable,hot,0.28,77
2023-10-08,1695395148493,154717.94871794872,11189078,178,0.74,stable,hot,0.39,85
2023-10-09,1679855921545,154875.0,11047171,178,0.7,stable,hot,0.3,67
2023-10-10,1679855921545,154875.0,11047171,178,0.78,stable,hot,0.24,60
2023-10-11,1679855921545,154875.0,11047171,178,0.84,stable,hot,0.33,60
2023-10-12,1679855921545,154875.0,11047171,178,0.76,stable,hot,0.32,85
2023-10-13,1679855921545,154875.0,11047171,178,0.69,stable,hot,0.23,62
2023-10-14,1679855921545,154875.0,11047171,178,0.7,stable,hot,0.23,62
2023-10-15,1679855921545,154875.0,11047171,178,0.9,stable,hot,0.31,78
2023-10-16,1653635405498,154873.0158730159,10863653,179,0.65,stable,hot,0.32,87
2023-10-17,1653635405498,154873.0158730159,10863653,179,0.7,stable,hot,0.26,71
2023-10-18,1653635405498,154873.0158730159,10863653,179,0.9,stable,hot,0.34,62
2023-10-19,1653635405498,154873.0158730159,10863653,179,0.69,stable,hot,0.28,81
2023-10-20,1653635405498,154873.0158730159,10863653,179,0.76,stable,hot,0.26,71
2023-10-21,1653635405498,154873.0158730159,10863653,179,0.77,stable,hot,0.3,91
2023-10-22,1653635405498,154873.0158730159,10863653,179,0.84,stable,hot,0.28,78
2023-10-23,1617741799745,154795.69892473117,10692357,178,0.84,stable,hot,0.24,82
2023-10-24,1617741799745,154795.69892473117,10692357,178,0.88,stable,hot,0.28,70
2023-10-25,1617741799745,154795.69892473117,10692357,178,0.76,stable,hot,0.36,65
2023-10-26,1617741799745,154795.69892473117,10692357,178,0.66,stable,hot,0.39,93
2023-10-27,1617741799745,154795.69892473117,10692357,178,0.78,stable,hot,0.27,80
2023-10-28,1617741799745,154795.69892473117,10692357,178,0.65,stable,hot,0.38,82
2023-10-29,1617741799745,154795.69892473117,10692357,178,0.83,stable,hot,0.21,69
2023-10-30,1594096033925,154786.88524590165,10584408,179,0.79,stable,hot,0.35,66
2023-10-31,1594096033925,154786.88524590165,10584408,179,0.64,stable,hot,0.28,86
2023-11-01,1594096033925,154786.88524590165,10584408,179,0.86,stable,hot,0.26,60
2023-11-02,1594096033925,154786.88524590165,10584408,179,0.75,stable,hot,0.31,67
2023-11-03,1594096033925,154786.88524590165,10584408,179,0.62,stable,hot,0.28,94
2023-11-04,1594096033925,154786.88524590165,10584408,179,0.64,stable,hot,0.31,69
2023-11-05,1594096033925,154786.88524590165,10584408,179,0.78,stable,hot,0.31,86
2023-11-06,1563532042436,154797.22222222222,10376286,178,0.81,stable,hot,0.39,84
2023-11-07,1563532042436,154797.22222222222,10376286,178,0.84,stable,hot,0.33,71
2023-11-08,1563532042436,154797.22222222222,10376286,178,0.85,stable,hot,0.35,83
2023-11-09,1563532042436,154797.22222222222,10376286,178,0.71,stable,hot,0.37,79
2023-11-10,1563532042436,154797.22222222222,10376286,178,0.69,stable,hot,0.24,74
2023-11-11,1563532042436,154797.22222222222,10376286,178,0.65,stable,hot,0.38,73
2023-11-12,1563532042436,154797.22222222222,10376286,178,0.73,stable,hot,0.24,67
2023-11-13,1545542417830,154762.71186440677,10189489,178,0.83,stable,hot,0.29,72
2023-11-14,1545542417830,154762.71186440677,10189489,178,0.64,stable,hot,0.32,94
2023-11-15,1545542417830,154762.71186440677,10189489,178,0.61,stable,hot,0.37,73
2023-11-16,1545542417830,154762.71186440677,10189489,178,0.64,stable,hot,0.31,68
2023-11-17,1545542417830,154762.71186440677,10189489,178,0.86,stable,hot,0.25,94
2023-11-18,1545542417830,154762.71186440677,10189489,178,0.88,stable,hot,0.24,94
2023-11-19,1545542417830,154762.71186440677,10189489,178,0.68,stable,hot,0.21,78
2023-11-20,1521951031374,154816.091954023,10022236,178,0.67,stable,hot,0.29,80
2023-11-21,1521951031374,154816.091954023,10022236,178,0.81,stable,hot,0.27,77
2023-11-22,1521951031374,154816.091954023,10022236,178,0.62,stable,hot,0.29,83
2023-11-23,1521951031374,154816.091954023,10022236,178,0.66,stable,hot,0.27,86
2023-11-24,1521951031374,154816.091954023,10022236,178,0.65,stable,hot,0.29,67
2023-11-25,1521951031374,154816.091954023,10022236,178,0.62,stable,hot,0.25,63
2023-11-26,1521951031374,154816.091954023,10022236,178,0.9,stable,hot,0.33,82
2023-11-27,1501981241548,154964.91228070174,9917848,179,0.61,stable,hot,0.31,61
2023-11-28,1501981241548,154964.91228070174,9917848,179,0.66,stable,hot,0.24,78
2023-11-29,1501981241548,154964.91228070174,9917848,179,0.63,stable,hot,0.35,87
2023-11-30,1501981241548,154964.91228070174,9917848,179,0.75,stable,hot,0.26,71
2023-12-01,1501981241548,154964.91228070174,9917848,179,0.62,stable,hot,0.37,84
2023-12-02,1501981241548,154964.91228070174,9917848,179,0.77,stable,hot,0.27,62
2023-12-03,1501981241548,154964.91228070174,9917848,179,0.85,stable,hot,0.24,66
2023-12-04,1465087305412,155154.7619047619,9726931,179,0.77,stable,hot,0.36,89
2023-12-05,1465087305412,155154.7619047619,9726931,179,0.86,stable,hot,0.26,68
2023-12-06,1465087305412,155154.7619047619,9726931,179,0.89,stable,hot,0.27,92
2023-12-07,1465087305412,155154.7619047619,9726931,179,0.64,stable,hot,0.3,93
2023-12-08,1465087305412,155154.7619047619,9726931,179,0.74,stable,hot,0.23,91
2023-12-09,1465087305412,155154.7619047619,9726931,179,0.87,stable,hot,0.22,86
2023-12-10,1465087305412,155154.7619047619,9726931,179,0.68,stable,hot,0.39,93
2023-12-11,1424233693678,155136.36363636365,9571142,180,0.76,stable,hot,0.29,71
2023-12-12,1424233693678,155136.36363636365,9571142,180,0.78,stable,hot,0.22,82
2023-12-13,1424233693678,155136.36363636365,9571142,180,0.75,stable,hot,0.29,74
2023-12-14,1424233693678,155136.36363636365,9571142,180,0.73,stable,hot,0.23,64
2023-12-15,1424233693678,155136.36363636365,9571142,180,0.87,stable,hot,0.25,68
2023-12-16,1424233693678,155136.36363636365,9571142,180,0.81,stable,hot,0.36,67
2023-12-17,1424233693678,155136.36363636365,9571142,180,0.65,stable,hot,0.4,78
2023-12-18,1377195052989,155216.04938271604,9360496,180,0.85,stable,hot,0.32,78
2023-12-19,1377195052989,155216.04938271604,9360496,180,0.76,stable,hot,0.4,92
2023-12-20,1377195052989,155216.04938271604,9360496,180,0.89,stable,hot,0.36,90
2023-12-21,1377195052989,155216.04938271604,9360496,180,0.69,stable,hot,0.33,69
2023-12-22,1377195052989,155216.04938271604,9360496,180,0.86,stable,hot,0.31,74
2023-12-23,1377195052989,155216.04938271604,9360496,180,0.79,stable,hot,0.24,71
2023-12-24,1377195052989,155216.04938271604,9360496,180,0.63,stable,hot,0.26,71
2023-12-25,1361292884013,155415.09433962265,9233283,181,0.78,stable,hot,0.25,67
2023-12-26,1361292884013,155415.09433962265,9233283,181,0.66,stable,hot,0.33,94
2023-12-27,1361292884013,155415.09433962265,9233283,181,0.72,stable,hot,0.3,89
2023-12-28,1361292884013,155415.09433962265,9233283,181,0.89,stable,hot,0.22,91
2023-12-29,1361292884013,155415.09433962265,9233283,181,0.67,stable,hot,0.31,84
2023-12-30,1361292884013,155415.09433962265,9233283,181,0.67,stable,hot,0.33,94
2023-12-31,1361292884013,155415.09433962265,9233283,181,0.63,stable,hot,0.32,88
2024-01-01,1335621842611,155394.23076923078,9050916,181,0.75,stable,hot,0.37,87
2024-01-02,1335621842611,155394.23076923078,9050916,181,0.68,stable,hot,0.26,78
2024-01-03,1335621842611,155394.23076923078,9050916,181,0.72,stable,hot,0.26,92
2024-01-04,1335621842611,155394.23076923078,9050916,181,0.85,stable,hot,0.36,80
2024-01-05,1335621842611,155394.23076923078,9050916,181,0.87,stable,hot,0.35,76
2024-01-06,1335621842611,155394.23076923078,9050916,181,0.72,stable,hot,0.27,67
2024-01-07,1335621842611,155394.23076923078,9050916,181,0.88,stable,hot,0.25,92
2024-01-08,1297196176271,155411.76470588235,8858781,180,0.61,stable,hot,0.27,79
2024-01-09,1297196176271,155411.76470588235,8858781,180,0.78,stable,hot,0.27,67
2024-01-10,1297196176271,155411.76470588235,8858781,180,0.81,stable,hot,0.37,83
2024-01-11,1297196176271,155411.76470588235,8858781,180,0.67,stable,hot,0.4,88
2024-01-12,1297196176271,155411.76470588235,8858781,180,0.72,stable,hot,0.32,72
2024-01-13,1297196176271,155411.76470588235,8858781,180,0.82,stable,hot,0.4,91
2024-01-14,1297196176271,155411.76470588235,8858781,180,0.88,stable,hot,0.32,93
2024-01-15,1259402232198,155366.66666666666,8624536,179,0.81,stable,hot,0.25,72
2024-01-16,1259402232198,155366.66666666666,8624536,179,0.81,stable,hot,0.3,60
2024-01-17,1259402232198,155366.66666666666,8624536,179,0.7,stable,hot,0.22,67
2024-01-18,1259402232198,155366.66666666666,8624536,179,0.87,stable,hot,0.29,91
2024-01-19,1259402232198,155366.66666666666,8624536,179,0.63,stable,hot,0.26,65
2024-01-20,1259402232198,155366.66666666666,8624536,179,0.67,stable,hot,0.27,67
2024-01-21,1259402232198,155366.66666666666,8624536,179,0.74,stable,hot,0.33,88
2024-01-22,1224354268011,155489.79591836734,8408434,178,0.73,stable,hot,0.22,73
2024-01-23,1224354268011,155489.79591836734,8408434,178,0.82,stable,hot,0.26,67
2024-01-24,1224354268011,155489.79591836734,8408434,178,0.74,stable,hot,0.28,71
2024-01-25,1224354268011,155489.79591836734,8408434,178,0.64,stable,hot,0.22,62
2024-01-26,1224354268011,155489.79591836734,8408434,178,0.72,stable,hot,0.34,85
2024-01-27,1224354268011,155489.79591836734,8408434,178,0.69,stable,hot,0.4,65
2024-01-28,1224354268011,155489.79591836734,8408434,178,0.77,stable,hot,0.33,62
2024-01-29,1193800654182,155368.05555555556,8162637,176,0.6,stable,hot,0.37,82
2024-01-30,1193800654182,155368.05555555556,8162637,176,0.68,stable,hot,0.26,73
2024-01-31,1193800654182,155368.05555555556,8162637,176,0.66,stable,hot,0.33,79
2024-02-01,1193800654182,155368.05555555556,8162637,176,0.8,stable,hot,0.33,77
2024-02-02,1193800654182,155368.05555555556,8162637,176,0.71,stable,hot,0.37,86
2024-02-03,1193800654182,155368.05555555556,8162637,176,0.84,stable,hot,0.38,92
2024-02-04,1193800654182,155368.05555555556,8162637,176,0.71,stable,hot,0.36,63
2024-02-05,1165851927147,155375.8865248227,7952168,175,0.85,stable,hot,0.3,65
2024-02-06,1165851927147,155375.8865248227,7952168,175,0.87,stable,hot,0.31,76
2024-02-07,1165851927147,155375.8865248227,7952168,175,0.75,stable,hot,0.38,77
2024-02-08,1165851927147,155375.8865248227,7952168,175,0.82,stable,hot,0.23,61
2024-02-09,1165851927147,155375.8865248227,7952168,175,0.84,stable,hot,0.28,60
2024-02-10,1165851927147,155375.8865248227,7952168,175,0.86,stable,hot,0.38,74
2024-02-11,1165851927147,155375.8865248227,7952168,175,0.72,stable,hot,0.4,60
2024-02-12,1129040823567,155413.04347826086,7732400,175,0.74,stable,hot,0.29,75
2024-02-13,1129040823567,155413.04347826086,7732400,175,0.68,stable,hot,0.38,92
2024-02-14,1129040823567,155413.04347826086,7732400,175,0.87,stable,hot,0.31,71
2024-02-15,1129040823567,155413.04347826086,7732400,175,0.73,stable,hot,0.32,81
2024-02-16,1129040823567,155413.04347826086,7732400,175,0.64,stable,hot,0.33,87
2024-02-17,1129040823567,155413.04347826086,7732400,175,0.82,stable,hot,0.36,88
2024-02-18,1129040823567,155413.04347826086,7732400,175,0.82,stable,hot,0.25,69
2024-02-19,1101581928528,155403.7037037037,7550480,175,0.74,stable,hot,0.38,93
2024-02-20,1101581928528,155403.7037037037,7550480,175,0.72,stable,hot,0.31,68
2024-02-21,1101581928528,155403.7037037037,7550480,175,0.9,stable,hot,0.23,64
2024-02-22,1101581928528,155403.7037037037,7550480,175,0.76,stable,hot,0.33,71
2024-02-23,1101581928528,155403.7037037037,7550480,175,0.9,stable,hot,0.28,84
2024-02-24,1101581928528,155403.7037037037,7550480,175,0.87,stable,hot,0.37,71
2024-02-25,1101581928528,155403.7037037037,7550480,175,0.89,stable,hot,0.23,80
2024-02-26,1058966144544,155560.60606060605,7365853,175,0.62,stable,hot,0.27,83
2024-02-27,1058966144544,155560.60606060605,7365853,175,0.64,stable,hot,0.39,85
2024-02-28,1058966144544,155560.60606060605,7365853,175,0.73,stable,hot,0.29,72
2024-02-29,1058966144544,155560.60606060605,7365853,175,0.73,stable,hot,0.33,68
2024-03-01,1058966144544,155560.60606060605,7365853,175,0.63,stable,hot,0.21,91
2024-03-02,1058966144544,155560.60606060605,7365853,175,0.67,stable,hot,0.28,89
2024-03-03,1058966144544,155560.60606060605,7365853,175,0.74,stable,hot,0.27,77
2024-03-04,1046604991652,155748.06201550388,7245206,176,0.66,stable,hot,0.24,63
2024-03-05,1046604991652,155748.06201550388,7245206,176,0.78,stable,hot,0.39,91
2024-03-06,1046604991652,155748.06201550388,7245206,176,0.69,stable,hot,0.27,73
2024-03-07,1046604991652,155748.06201550388,7245206,176,0.88,stable,hot,0.39,60
2024-03-08,1046604991652,155748.06201550388,7245206,176,0.84,stable,hot,0.39,92
2024-03-09,1046604991652,155748.06201550388,7245206,176,0.88,stable,hot,0.23,84
2024-03-10,1046604991652,155748.06201550388,7245206,176,0.69,stable,hot,0.32,70
2024-03-11,1019896242138,155793.6507936508,7076429,175,0.85,stable,hot,0.23,79
2024-03-12,1019896242138,155793.6507936508,7076429,175,0.77,stable,hot,0.34,93
2024-03-13,1019896242138,155793.6507936508,7076429,175,0.61,stable,hot,0.28,85
2024-03-14,1019896242138,155793.6507936508,7076429,175,0.86,stable,hot,0.32,85
2024-03-15,1019896242138,155793.6507936508,7076429,175,0.85,stable,hot,0.29,93
2024-03-16,1019896242138,155793.6507936508,7076429,175,0.7,stable,hot,0.27,86
2024-03-17,1019896242138,155793.6507936508,7076429,175,0.78,stable,hot,0.32,68
2024-03-18,999441476435,155829.26829268291,6937082,175,0.84,stable,hot,0.39,66
2024-03-19,999441476435,155829.26829268291,6937082,175,0.74,stable,hot,0.38,85
2024-03-20,999441476435,155829.26829268291,6937082,175,0.75,stable,hot,0.37,83
2024-03-21,999441476435,155829.26829268291,6937082,175,0.85,stable,hot,0.2,85
2024-03-22,999441476435,155829.26829268291,6937082,175,0.77,stable,hot,0.28,88
2024-03-23,999441476435,155829.26829268291,6937082,175,0.71,stable,hot,0.36,69
2024-03-24,999441476435,155829.26829268291,6937082,175,0.89,stable,hot,0.33,76
2024-03-25,974646361136,155775.0,6822700,176,0.68,stable,hot,0.27,66
2024-03-26,974646361136,155775.0,6822700,176,0.86,stable,hot,0.2,89
2024-03-27,974646361136,155775.0,6822700,176,0.88,stable,hot,0.34,66
2024-03-28,974646361136,155775.0,6822700,176,0.75,stable,hot,0.33,63
2024-03-29,974646361136,155775.0,6822700,176,0.74,stable,hot,0.28,71
2024-03-30,974646361136,155775.0,6822700,176,0.77,stable,hot,0.21,69
2024-03-31,974646361136,155775.0,6822700,176,0.77,stable,hot,0.24,74
2024-04-01,949172655936,155820.5128205128,6664223,177,0.87,stable,hot,0.34,92
2024-04-02,949172655936,155820.5128205128,6664223,177,0.63,stable,hot,0.31,83
2024-04-03,949172655936,155820.5128205128,6664223,177,0.81,stable,hot,0.26,82
2024-04-04,949172655936,155820.5128205128,6664223,177,0.69,stable,hot,0.28,68
2024-04-05,949172655936,155820.5128205128,6664223,177,0.79,stable,hot,0.39,88
2024-04-06,949172655936,155820.5128205128,6664223,177,0.83,stable,hot,0.23,85
2024-04-07,949172655936,155820.5128205128,6664223,177,0.66,stable,hot,0.31,74
2024-04-08,912029358970,155934.2105263158,6405503,175,0.73,stable,hot,0.31,75
2024-04-09,912029358970,155934.2105263158,6405503,175,0.85,stable,hot,0.38,95
2024-04-10,912029358970,155934.2105263158,6405503,175,0.75,stable,hot,0.38,75
2024-04-11,912029358970,155934.2105263158,6405503,175,0.74,stable,hot,0.22,62
2024-04-12,912029358970,155934.2105263158,6405503,175,0.67,stable,hot,0.21,95
2024-04-13,912029358970,155934.2105263158,6405503,175,0.86,stable,hot,0.32,76
2024-04-14,912029358970,155934.2105263158,6405503,175,0.84,stable,hot,0.38,67
2024-04-15,897759544053,156184.68468468467,6279395,176,0.9,stable,hot,0.39,71
2024-04-16,897759544053,156184.68468468467,6279395,176,0.73,stable,hot,0.21,76
2024-04-17,897759544053,156184.68468468467,6279395,176,0.82,stable,hot,0.39,61
2024-04-18,897759544053,156184.68468468467,6279395,176,0.72,stable,hot,0.28,79
2024-04-19,897759544053,156184.68468468467,6279395,176,0.7,stable,hot,0.28,74
2024-04-20,897759544053,156184.68468468467,6279395,176,0.78,stable,hot,0.2,84
2024-04-21,897759544053,156184.68468468467,6279395,176,0.87,stable,hot,0.35,63
2024-04-22,869503710314,156175.92592592593,6119234,175,0.65,stable,hot,0.29,64
2024-04-23,869503710314,156175.92592592593,6119234,175,0.83,stable,hot,0.38,89
2024-04-24,869503710314,156175.92592592593,6119234,175,0.72,stable,hot,0.36,89
2024-04-25,869503710314,156175.92592592593,6119234,175,0.83,stable,hot,0.21,89
2024-04-26,869503710314,156175.92592592593,6119234,175,0.6,stable,hot,0.31,60
2024-04-27,869503710314,156175.92592592593,6119234,175,0.8,stable,hot,0.2,85
2024-04-28,869503710314,156175.92592592593,6119234,175,0.61,stable,hot,0.37,76
2024-04-29,860974189101,156023.80952380953,5990309,177,0.89,stable,hot,0.33,95
2024-04-30,860974189101,156023.80952380953,5990309,177,0.85,stable,hot,0.29,61
2024-05-01,860974189101,156023.80952380953,5990309,177,0.83,stable,hot,0.34,77
2024-05-02,860974189101,156023.80952380953,5990309,177,0.83,stable,hot,0.29,61
2024-05-03,860974189101,156023.80952380953,5990309,177,0.82,stable,hot,0.35,95
2024-05-04,860974189101,156023.80952380953,5990309,177,0.62,stable,hot,0.23,92
2024-05-05,860974189101,156023.80952380953,5990309,177,0.64,stable,hot,0.25,85
2024-05-06,842245646963,155985.29411764705,5837281,176,0.65,stable,hot,0.25,94
2024-05-07,842245646963,155985.29411764705,5837281,176,0.83,stable,hot,0.34,89
2024-05-08,842245646963,155985.29411764705,5837281,176,0.75,stable,hot,0.24,91
2024-05-09,842245646963,155985.29411764705,5837281,176,0.7,stable,hot,0.26,62
2024-05-10,842245646963,155985.29411764705,5837281,176,0.73,stable,hot,0.28,83
2024-05-11,842245646963,155985.29411764705,5837281,176,0.73,stable,hot,0.22,74
2024-05-12,842245646963,155985.29411764705,5837281,176,0.71,stable,hot,0.24,72
2024-05-13,820741426149,156015.15151515152,5745529,177,0.72,stable,hot,0.2,91
2024-05-14,820741426149,156015.15151515152,5745529,177,0.72,stable,hot,0.33,90
2024-05-15,820741426149,156015.15151515152,5745529,177,0.86,stable,hot,0.35,64
2024-05-16,820741426149,156015.15151515152,5745529,177,0.86,stable,hot,0.34,66
2024-05-17,820741426149,156015.15151515152,5745529,177,0.66,stable,hot,0.34,94
2024-05-18,820741426149,156015.15151515152,5745529,177,0.66,stable,hot,0.37,77
2024-05-19,820741426149,156015.15151515152,5745529,177,0.89,stable,hot,0.21,81
2024-05-20,793553308236,156125.0,5546142,177,0.78,stable,hot,0.36,75
2024-05-21,793553308236,156125.0,5546142,177,0.85,stable,hot,0.33,77
2024-05-22,793553308236,156125.0,5546142,177,0.8,stable,hot,0.27,66
2024-05-23,793553308236,156125.0,5546142,177,0.72,stable,hot,0.25,91
2024-05-24,793553308236,156125.0,5546142,177,0.62,stable,hot,0.34,86
2024-05-25,793553308236,156125.0,5546142,177,0.75,stable,hot,0.23,60
2024-05-26,793553308236,156125.0,5546142,177,0.87,stable,hot,0.39,74
2024-05-27,761393274191,156043.01075268816,5325938,175,0.87,stable,hot,0.28,79
2024-05-28,761393274191,156043.01075268816,5325938,175,0.67,stable,hot,0.36,86
2024-05-29,761393274191,156043.01075268816,5325938,175,0.63,stable,hot,0.39,68
2024-05-30,761393274191,156043.01075268816,5325938,175,0.89,stable,hot,0.28,91
2024-05-31,761393274191,156043.01075268816,5325938,175,0.77,stable,hot,0.3,61
2024-06-01,761393274191,156043.01075268816,5325938,175,0.84,stable,hot,0.32,95
2024-06-02,761393274191,156043.01075268816,5325938,175,0.63,stable,hot,0.32,66
2024-06-03,725936350691,156027.77777777778,5140249,175,0.75,stable,hot,0.26,81
2024-06-04,725936350691,156027.77777777778,5140249,175,0.66,stable,hot,0.23,81
2024-06-05,725936350691,156027.77777777778,5140249,175,0.72,stable,hot,0.39,66
2024-06-06,725936350691,156027.77777777778,5140249,175,0.82,stable,hot,0.29,60
2024-06-07,725936350691,156027.77777777778,5140249,175,0.88,stable,hot,0.36,89
2024-06-08,725936350691,156027.77777777778,5140249,175,0.69,stable,hot,0.38,80
2024-06-09,725936350691,156027.77777777778,5140249,175,0.88,stable,hot,0.24,78
2024-06-10,707191457976,155925.28735632185,5004132,175,0.79,stable,hot,0.27,91
2024-06-11,707191457976,155925.28735632185,5004132,175,0.89,stable,hot,0.34,77
2024-06-12,707191457976,155925.28735632185,5004132,175,0.73,stable,hot,0.34,93
2024-06-13,707191457976,155925.28735632185,5004132,175,0.78,stable,hot,0.24,88
2024-06-14,707191457976,155925.28735632185,5004132,175,0.64,stable,hot,0.23,64
2024-06-15,707191457976,155925.28735632185,5004132,175,0.82,stable,hot,0.21,74
2024-06-16,707191457976,155925.28735632185,5004132,175,0.66,stable,hot,0.37,60
2024-06-17,682306178585,155750.0,4840061,176,0.83,stable,hot,0.37,91
2024-06-18,682306178585,155750.0,4840061,176,0.61,stable,hot,0.39,84
2024-06-19,682306178585,155750.0,4840061,176,0.73,stable,hot,0.25,75
2024-06-20,682306178585,155750.0,4840061,176,0.66,stable,hot,0.28,89
2024-06-21,682306178585,155750.0,4840061,176,0.79,stable,hot,0.22,60
2024-06-22,682306178585,155750.0,4840061,176,0.66,stable,hot,0.33,81
2024-06-23,682306178585,155750.0,4840061,176,0.74,stable,hot,0.25,70
2024-06-24,653851503791,155808.64197530865,4687298,177,0.72,stable,hot,0.23,77
2024-06-25,653851503791,155808.64197530865,4687298,177,0.73,stable,hot,0.24,66
2024-06-26,653851503791,155808.64197530865,4687298,177,0.7,stable,hot,0.32,92
2024-06-27,653851503791,155808.64197530865,4687298,177,0.83,stable,hot,0.24,70
2024-06-28,653851503791,155808.64197530865,4687298,177,0.74,stable,hot,0.23,92
2024-06-29,653851503791,155808.64197530865,4687298,177,0.85,stable,hot,0.33,95
2024-06-30,653851503791,155808.64197530865,4687298,177,0.77,stable,hot,0.24,86
2024-07-01,637642751563,155788.46153846153,4611655,180,0.82,stable,hot,0.38,95
2024-07-02,637642751563,155788.46153846153,4611655,180,0.67,stable,hot,0.38,63
2024-07-03,637642751563,155788.46153846153,4611655,180,0.67,stable,hot,0.24,95
2024-07-04,637642751563,155788.46153846153,4611655,180,0.74,stable,hot,0.25,64
2024-07-05,637642751563,155788.46153846153,4611655,180,0.63,stable,hot,0.36,79
2024-07-06,637642751563,155788.46153846153,4611655,180,0.78,stable,hot,0.36,86
2024-07-07,637642751563,155788.46153846153,4611655,180,0.83,stable,hot,0.33,76
2024-07-08,613710339291,155860.0,4374690,179,0.72,stable,hot,0.39,61
2024-07-09,613710339291,155860.0,4374690,179,0.65,stable,hot,0.28,83
2024-07-10,613710339291,155860.0,4374690,179,0.87,stable,hot,0.39,90
2024-07-11,613710339291,155860.0,4374690,179,0.74,stable,hot,0.4,76
2024-07-12,613710339291,155860.0,4374690,179,0.71,stable,hot,0.26,94
2024-07-13,613710339291,155860.0,4374690,179,0.74,stable,hot,0.3,90
2024-07-14,613710339291,155860.0,4374690,179,0.68,stable,hot,0.39,87
2024-07-15,583716373397,155993.05555555556,4178249,177,0.84,stable,hot,0.39,90
2024-07-16,583716373397,155993.05555555556,4178249,177,0.67,stable,hot,0.37,85
2024-07-17,583716373397,155993.05555555556,4178249,177,0.72,stable,hot,0.31,63
2024-07-18,583716373397,155993.05555555556,4178249,177,0.78,stable,hot,0.25,79
2024-07-19,583716373397,155993.05555555556,4178249,177,0.76,stable,hot,0.33,69
2024-07-20,583716373397,155993.05555555556,4178249,177,0.71,stable,hot,0.27,95
2024-07-21,583716373397,155993.05555555556,4178249,177,0.76,stable,hot,0.31,62
2024-07-22,561775491526,156253.6231884058,4041740,178,0.86,stable,hot,0.31,85
2024-07-23,561775491526,156253.6231884058,4041740,178,0.73,stable,hot,0.25,82
2024-07-24,561775491526,156253.6231884058,4041740,178,0.71,stable,hot,0.29,73
2024-07-25,561775491526,156253.6231884058,4041740,178,0.64,stable,hot,0.33,72
2024-07-26,561775491526,156253.6231884058,4041740,178,0.76,stable,hot,0.34,67
2024-07-27,561775491526,156253.6231884058,4041740,178,0.88,stable,hot,0.31,72
2024-07-28,561775491526,156253.6231884058,4041740,178,0.75,stable,hot,0.21,88
2024-07-29,550580909434,156053.0303030303,3875099,178,0.73,stable,hot,0.32,60
2024-07-30,550580909434,156053.0303030303,3875099,178,0.66,stable,hot,0.39,65
2024-07-31,550580909434,156053.0303030303,3875099,178,0.86,stable,hot,0.33,95
2024-08-01,550580909434,156053.0303030303,3875099,178,0.78,stable,hot,0.3,73
2024-08-02,550580909434,156053.0303030303,3875099,178,0.7,stable,hot,0.33,79
2024-08-03,550580909434,156053.0303030303,3875099,178,0.87,stable,hot,0.36,67
2024-08-04,550580909434,156053.0303030303,3875099,178,0.63,stable,hot,0.22,81
2024-08-05,539586170306,156380.95238095237,3764672,179,0.71,stable,hot,0.27,86
2024-08-06,539586170306,156380.95238095237,3764672,179,0.89,stable,hot,0.21,82
2024-08-07,539586170306,156380.95238095237,3764672,179,0.75,stable,hot,0.27,94
2024-08-08,539586170306,156380.95238095237,3764672,179,0.86,stable,hot,0.3,70
2024-08-09,539586170306,156380.95238095237,3764672,179,0.77,stable,hot,0.3,69
2024-08-10,539586170306,156380.95238095237,3764672,179,0.79,stable,hot,0.31,67
2024-08-11,539586170306,156380.95238095237,3764672,179,0.85,stable,hot,0.36,76
2024-08-12,508711489391,156175.0,3580660,178,0.85,stable,hot,0.35,91
2024-08-13,508711489391,156175.0,3580660,178,0.64,stable,hot,0.26,93
2024-08-14,508711489391,156175.0,3580660,178,0.81,stable,hot,0.3,68
2024-08-15,508711489391,156175.0,3580660,178,0.69,stable,hot,0.34,93
2024-08-16,508711489391,156175.0,3580660,178,0.86,stable,hot,0.39,70
2024-08-17,508711489391,156175.0,3580660,178,0.9,stable,hot,0.3,65
2024-08-18,508711489391,156175.0,3580660,178,0.65,stable,hot,0.33,71
2024-08-19,480013601924,156280.70175438595,3348939,177,0.82,stable,hot,0.39,75
2024-08-20,480013601924,156280.70175438595,3348939,177,0.89,stable,hot,0.22,64
2024-08-21,480013601924,156280.70175438595,3348939,177,0.83,stable,hot,0.29,60
2024-08-22,480013601924,156280.70175438595,3348939,177,0.69,stable,hot,0.25,67
2024-08-23,480013601924,156280.70175438595,3348939,177,0.78,stable,hot,0.39,70
2024-08-24,480013601924,156280.70175438595,3348939,177,0.88,stable,hot,0.22,77
2024-08-25,480013601924,156280.70175438595,3348939,177,0.71,stable,hot,0.25,61
2024-08-26,456928514363,156685.1851851852,3175348,177,0.6,stable,hot,0.2,80
2024-08-27,456928514363,156685.1851851852,3175348,177,0.86,stable,hot,0.35,67
2024-08-28,456928514363,156685.1851851852,3175348,177,0.6,stable,hot,0.22,84
2024-08-29,456928514363,156685.1851851852,3175348,177,0.71,stable,hot,0.21,60
2024-08-30,456928514363,156685.1851851852,3175348,177,0.63,stable,hot,0.24,78
2024-08-31,456928514363,156685.1851851852,3175348,177,0.69,stable,hot,0.21,60
2024-09-01,456928514363,156685.1851851852,3175348,177,0.64,stable,hot,0.21,67
2024-09-02,437955967448,157176.4705882353,2991536,177,0.6,stable,hot,0.26,90
2024-09-03,437955967448,157176.4705882353,2991536,177,0.66,stable,hot,0.22,76
2024-09-04,437955967448,157176.4705882353,2991536,177,0.69,stable,hot,0.23,93
2024-09-05,437955967448,157176.4705882353,2991536,177,0.79,stable,hot,0.33,67
2024-09-06,437955967448,157176.4705882353,2991536,177,0.76,stable,hot,0.26,95
2024-09-07,437955967448,157176.4705882353,2991536,177,0.62,stable,hot,0.37,82
2024-09-08,437955967448,157176.4705882353,2991536,177,0.71,stable,hot,0.3,85
2024-09-09,413233865585,157260.41666666666,2823274,178,0.69,stable,hot,0.34,80
2024-09-10,413233865585,157260.41666666666,2823274,178,0.75,stable,hot,0.33,87
2024-09-11,413233865585,157260.41666666666,2823274,178,0.81,stable,hot,0.35,94
2024-09-12,413233865585,157260.41666666666,2823274,178,0.74,stable,hot,0.3,88
2024-09-13,413233865585,157260.41666666666,2823274,178,0.77,stable,hot,0.29,83
2024-09-14,413233865585,157260.41666666666,2823274,178,0.75,stable,hot,0.24,65
2024-09-15,413233865585,157260.41666666666,2823274,178,0.75,stable,hot,0.23,73
2024-09-16,387866167050,157155.55555555556,2655127,177,0.67,stable,hot,0.21,84
2024-09-17,387866167050,157155.55555555556,2655127,177,0.78,stable,hot,0.32,65
2024-09-18,387866167050,157155.55555555556,2655127,177,0.86,stable,hot,0.28,92
2024-09-19,387866167050,157155.55555555556,2655127,177,0.66,stable,hot,0.33,74
2024-09-20,387866167050,157155.55555555556,2655127,177,0.65,stable,hot,0.38,87
2024-09-21,387866167050,157155.55555555556,2655127,177,0.72,stable,hot,0.32,71
2024-09-22,387866167050,157155.55555555556,2655127,177,0.66,stable,hot,0.32,61
2024-09-23,367333924413,157309.52380952382,2476092,179,0.62,stable,hot,0.39,72
2024-09-24,367333924413,157309.52380952382,2476092,179,0.86,stable,hot,0.3,62
2024-09-25,367333924413,157309.52380952382,2476092,179,0.65,stable,hot,0.33,62
2024-09-26,367333924413,157309.52380952382,2476092,179,0.89,stable,hot,0.34,81
2024-09-27,367333924413,157309.52380952382,2476092,179,0.64,stable,hot,0.37,77
2024-09-28,367333924413,157309.52380952382,2476092,179,0.64,stable,hot,0.29,77
2024-09-29,367333924413,157309.52380952382,2476092,179,0.82,stable,hot,0.29,74
2024-09-30,328957739464,157935.89743589744,2233367,176,0.7,stable,hot,0.28,85
2024-10-01,328957739464,157935.89743589744,2233367,176,0.68,stable,hot,0.25,89
2024-10-02,328957739464,157935.89743589744,2233367,176,0.8,stable,hot,0.27,86
2024-10-03,328957739464,157935.89743589744,2233367,176,0.64,stable,hot,0.24,61
2024-10-04,328957739464,157935.89743589744,2233367,176,0.81,stable,hot,0.36,73
2024-10-05,328957739464,157935.89743589744,2233367,176,0.82,stable,hot,0.28,88
2024-10-06,328957739464,157935.89743589744,2233367,176,0.79,stable,hot,0.35,95
2024-10-07,302299582704,157916.66666666666,2036125,170,0.74,stable,hot,0.27,95
2024-10-08,302299582704,157916.66666666666,2036125,170,0.81,stable,hot,0.37,76
2024-10-09,302299582704,157916.66666666666,2036125,170,0.81,stable,hot,0.23,84
2024-10-10,302299582704,157916.66666666666,2036125,170,0.87,stable,hot,0.39,93
2024-10-11,302299582704,157916.66666666666,2036125,170,0.76,stable,hot,0.36,61
2024-10-12,302299582704,157916.66666666666,2036125,170,0.78,stable,hot,0.33,62
2024-10-13,302299582704,157916.66666666666,2036125,170,0.64,stable,hot,0.36,73
2024-10-14,286034888281,157742.42424242425,1822249,170,0.78,stable,hot,0.3,86
2024-10-15,286034888281,157742.42424242425,1822249,170,0.75,stable,hot,0.22,94
2024-10-16,286034888281,157742.42424242425,1822249,170,0.71,stable,hot,0.34,77
2024-10-17,286034888281,157742.42424242425,1822249,170,0.62,stable,hot,0.33,72
2024-10-18,286034888281,157742.42424242425,1822249,170,0.8,stable,hot,0.31,93
2024-10-19,286034888281,157742.42424242425,1822249,170,0.84,stable,hot,0.24,93
2024-10-20,286034888281,157742.42424242425,1822249,170,0.7,stable,hot,0.33,86
2024-10-21,271180966362,157900.0,1672802,170,0.86,stable,hot,0.37,90
2024-10-22,271180966362,157900.0,1672802,170,0.89,stable,hot,0.21,76
2024-10-23,271180966362,157900.0,1672802,170,0.8,stable,hot,0.26,81
2024-10-24,271180966362,157900.0,1672802,170,0.68,stable,hot,0.25,71
2024-10-25,271180966362,157900.0,1672802,170,0.78,stable,hot,0.4,95
2024-10-26,271180966362,157900.0,1672802,170,0.73,stable,hot,0.31,76
2024-10-27,271180966362,157900.0,1672802,170,0.78,stable,hot,0.39,69
2024-10-28,254232249863,157851.85185185185,1507103,170,0.74,stable,hot,0.32,67
2024-10-29,254232249863,157851.85185185185,1507103,170,0.88,stable,hot,0.32,89
2024-10-30,254232249863,157851.85185185185,1507103,170,0.78,stable,hot,0.26,64
2024-10-31,254232249863,157851.85185185185,1507103,170,0.74,stable,hot,0.26,93
2024-11-01,254232249863,157851.85185185185,1507103,170,0.72,stable,hot,0.23,91
2024-11-02,254232249863,157851.85185185185,1507103,170,0.64,stable,hot,0.23,88
2024-11-03,254232249863,157851.85185185185,1507103,170,0.73,stable,hot,0.27,69
2024-11-04,231853437966,158145.83333333334,1357007,172,0.73,stable,hot,0.3,76
2024-11-05,231853437966,158145.83333333334,1357007,172,0.79,stable,hot,0.35,74
2024-11-06,231853437966,158145.83333333334,1357007,172,0.62,stable,hot,0.36,63
2024-11-07,231853437966,158145.83333333334,1357007,172,0.67,stable,hot,0.29,78
2024-11-08,231853437966,158145.83333333334,1357007,172,0.65,stable,hot,0.3,79
2024-11-09,231853437966,158145.83333333334,1357007,172,0.76,stable,hot,0.37,70
2024-11-10,231853437966,158145.83333333334,1357007,172,0.87,stable,hot,0.22,86
2024-11-11,212394359610,159190.47619047618,1216643,173,0.86,stable,hot,0.38,75
2024-11-12,212394359610,159190.47619047618,1216643,173,0.69,stable,hot,0.24,85
2024-11-13,212394359610,159190.47619047618,1216643,173,0.66,stable,hot,0.4,86
2024-11-14,212394359610,159190.47619047618,1216643,173,0.67,stable,hot,0.34,72
2024-11-15,212394359610,159190.47619047618,1216643,173,0.69,stable,hot,0.38,91
2024-11-16,212394359610,159190.47619047618,1216643,173,0.62,stable,hot,0.38,64
2024-11-17,212394359610,159190.47619047618,1216643,173,0.74,stable,hot,0.34,78
2024-11-18,175204500761,159472.22222222222,1019026,174,0.79,stable,hot,0.23,71
2024-11-19,175204500761,159472.22222222222,1019026,174,0.78,stable,hot,0.27,71
2024-11-20,175204500761,159472.22222222222,1019026,174,0.87,stable,hot,0.33,67
2024-11-21,175204500761,159472.22222222222,1019026,174,0.64,stable,hot,0.21,81
2024-11-22,175204500761,159472.22222222222,1019026,174,0.71,stable,hot,0.29,92
2024-11-23,175204500761,159472.22222222222,1019026,174,0.81,stable,hot,0.24,76
2024-11-24,175204500761,159472.22222222222,1019026,174,0.72,stable,hot,0.34,68
2024-11-25,142957928662,159300.0,869605,174,0.71,stable,hot,0.26,81
2024-11-26,142957928662,159300.0,869605,174,0.85,stable,hot,0.22,83
2024-11-27,142957928662,159300.0,869605,174,0.85,stable,hot,0.22,78
2024-11-28,142957928662,159300.0,869605,174,0.86,stable,hot,0.35,64
2024-11-29,142957928662,159300.0,869605,174,0.83,stable,hot,0.23,72
2024-11-30,142957928662,159300.0,869605,174,0.65,stable,hot,0.39,90
2024-12-01,142957928662,159300.0,869605,174,0.65,stable,hot,0.21,66
2024-12-02,106066752015,159125.0,646366,175,0.71,stable,hot,0.4,66
2024-12-03,106066752015,159125.0,646366,175,0.85,stable,hot,0.33,81
2024-12-04,106066752015,159125.0,646366,175,0.74,stable,hot,0.23,93
2024-12-05,106066752015,159125.0,646366,175,0.81,stable,hot,0.31,70
2024-12-06,106066752015,159125.0,646366,175,0.75,stable,hot,0.28,78
2024-12-07,106066752015,159125.0,646366,175,0.74,stable,hot,0.32,85
2024-12-08,106066752015,159125.0,646366,175,0.74,stable,hot,0.23,77
2024-12-09,77910015617,160055.55555555556,498902,176,0.6,stable,hot,0.37,63
2024-12-10,77910015617,160055.55555555556,498902,176,0.88,stable,hot,0.27,67
2024-12-11,77910015617,160055.55555555556,498902,176,0.72,stable,hot,0.26,80
2024-12-12,77910015617,160055.55555555556,498902,176,0.71,stable,hot,0.37,66
2024-12-13,77910015617,160055.55555555556,498902,176,0.84,stable,hot,0.31,66
2024-12-14,77910015617,160055.55555555556,498902,176,0.82,stable,hot,0.37,66
2024-12-15,77910015617,160055.55555555556,498902,176,0.74,stable,hot,0.35,64
2024-12-16,50091143271,160750.0,324779,173,0.64,stable,hot,0.24,74
2024-12-17,50091143271,160750.0,324779,173,0.61,stable,hot,0.35,84
2024-12-18,50091143271,160750.0,324779,173,0.79,stable,hot,0.25,84
2024-12-19,50091143271,160750.0,324779,173,0.73,stable,hot,0.35,92
2024-12-20,50091143271,160750.0,324779,173,0.72,stable,hot,0.31,82
2024-12-21,50091143271,160750.0,324779,173,0.78,stable,hot,0.24,64
2024-12-22,50091143271,160750.0,324779,173,0.65,stable,hot,0.29,93
2024-12-23,31115724385,160500.0,193413,202,0.73,stable,hot,0.39,95
2024-12-24,31115724385,160500.0,193413,202,0.73,stable,hot,0.3,61
2024-12-25,31115724385,160500.0,193413,202,0.72,stable,hot,0.39,91
2024-12-26,31115724385,160500.0,193413,202,0.69,stable,hot,0.35,61
2024-12-27,31115724385,160500.0,193413,202,0.61,stable,hot,0.3,60
2024-12-28,31115724385,160500.0,193413,202,0.62,stable,hot,0.37,65
2024-12-29,31115724385,160500.0,193413,202,0.77,stable,hot,0.29,81
2024-12-30,4615348,164790.0,4297,386,0.68,stable,normal,0.33,73
2024-12-31,4716407,145496.0,3918,371,0.73,stable,normal,0.34,90
